,id,title,publishedAt,channelTitle,viewCount,likeCount,dislikeCount,commentCount
0,-vEV1xdcWWI,–ì–æ–ª–æ—Å–æ–≤–∞–Ω–∏–µ: —Å–∞–º–∞—è –±–æ–ª—å—à–∞—è –º–∞—Ö–∏–Ω–∞—Ü–∏—è. –°–∏–º–æ–Ω—å—è–Ω ‚Äî –Ω–µ —É–±–æ–∂–µ—Å—Ç–≤–æ? –ê–Ω–¥—Ä–µ—è –ú–∞–ª–∞—Ö–æ–≤–∞ –±–æ–º–±–∏—Ç,2020-07-02T18:45:32Z,–ù–∞–≤–∞–ª—å–Ω—ã–π LIVE,775330,70565,2122,7921
1,yS5bWLEDJZg,–†–æ—Å—Å–∏—è –≤ –¥–æ–ª–≥–∞—Ö,2020-07-02T14:43:46Z,–ù–∞–≤–∞–ª—å–Ω—ã–π LIVE,197676,14525,458,1039
2,BXFraKe308c,–ß—Ç–æ –Ω–µ —Ç–∞–∫ —Å –Ω–∞–±–ª—é–¥–∞—Ç–µ–ª—è–º–∏ –Ω–∞ ¬´–æ–±—â–µ—Ä–æ—Å—Å–∏–π—Å–∫–æ–º –≥–æ–ª–æ—Å–æ–≤–∞–Ω–∏–∏¬ª,2020-06-30T10:00:06Z,–ù–∞–≤–∞–ª—å–Ω—ã–π LIVE,357202,22127,385,2238
3,M-8HaAPthuI,–ù–∞–≤–∞–ª—å–Ω—ã–π –æ –∑–Ω–∞—á–µ–Ω–∏–∏ —Å–∏–º–≤–æ–ª–∞ –∫—Ä–∞—Å–Ω–æ–≥–æ –∫–æ—Å–æ–≥–æ –∫—Ä–µ—Å—Ç–∞,2020-06-29T11:55:16Z,–ù–∞–≤–∞–ª—å–Ω—ã–π LIVE,173046,14270,406,2330
4,BTi4Dv_hc0w,¬´–û–Ω –ø–µ—Ä–µ—Å–∏–¥–µ–ª¬ª: –∫–∞–∫ –æ–±–Ω—É–ª—è—é—Ç —Å—Ä–æ–∫–∏ –ü—É—Ç–∏–Ω–∞,2020-06-29T09:59:41Z,–ù–∞–≤–∞–ª—å–Ω—ã–π LIVE,394457,30910,430,4151
5,x5mQFsMQUX4,–ù–∞–≤–∞–ª—å–Ω—ã–π –æ –¥—Ä–∞–∫–µ –¥–µ–ø—É—Ç–∞—Ç–∞ –ë–æ–Ω–¥–∞—Ä–µ–Ω–∫–æ,2020-06-28T11:55:29Z,–ù–∞–≤–∞–ª—å–Ω—ã–π LIVE,268565,20795,374,1487
6,gCv7ZPu4FZE,–ú–∏–ª–æ–≤ –æ–± –∏–∑–º–µ–Ω–µ–Ω–∏–∏ –Ω–∞–ª–æ–≥–æ–≤ –¥–ª—è IT-–∫–æ–º–ø–∞–Ω–∏–π,2020-06-28T10:00:04Z,–ù–∞–≤–∞–ª—å–Ω—ã–π LIVE,76079,5761,177,511
7,a07pFztHsNs,–ö–∞–∫ –∞–≥–∏—Ç–∏—Ä—É—é—Ç –∏ –≥–æ–ª–æ—Å—É—é—Ç –∑–∞ –ö–æ–Ω—Å—Ç–∏—Ç—É—Ü–∏—é,2020-06-27T15:59:24Z,–ù–∞–≤–∞–ª—å–Ω—ã–π LIVE,518795,41875,1048,5489
8,8wogYrpzJRY,–ù–∞–≤–∞–ª—å–Ω—ã–π: —Ö–∏—Ç-–ø–∞—Ä–∞–¥ –∏–∑–±–∏—Ä–∞—Ç–µ–ª—å–Ω—ã—Ö —É—á–∞—Å—Ç–∫–æ–≤,2020-06-27T09:55:46Z,–ù–∞–≤–∞–ª—å–Ω—ã–π LIVE,315887,22190,470,3313
9,0FW80uNhyJg,"–ë–ª–æ–≥–µ—Ä—ã, –ø–æ–ª–∏—Ç–∏–∫–∏ –∏ —ç–∫—Å–ø–µ—Ä—Ç—ã –æ –≥–æ–ª–æ—Å–æ–≤–∞–Ω–∏–∏ –ø–æ –ø–æ–ø—Ä–∞–≤–∫–∞–º",2020-06-26T11:43:37Z,–ù–∞–≤–∞–ª—å–Ω—ã–π LIVE,728683,54936,1313,6605
10,zo5tjt8zkCg,–¢–æ–ø-7 –∏–∑–±–∏—Ä–∞—Ç–µ–ª—å–Ω—ã—Ö —É—á–∞—Å—Ç–∫–æ–≤. –ê—Ç–ª–∞–Ω—Ç –ü—É—Ç–∏–Ω –¥–µ—Ä–∂–∏—Ç —Å—Ç—Ä–∞–Ω—É. –ö—Ä–∞—Å–Ω—ã–π –∫–æ—Å–æ–π –∫—Ä–µ—Å—Ç,2020-06-25T19:21:52Z,–ù–∞–≤–∞–ª—å–Ω—ã–π LIVE,1357936,89216,2482,13630
11,TwvtRnyFD9U,–ü—É—Ç–∏–Ω –∏ –ø–æ–≤—ã—à–µ–Ω–∏–µ –ù–î–§–õ,2020-06-25T14:49:07Z,–ù–∞–≤–∞–ª—å–Ω—ã–π LIVE,287175,16581,483,1209
12,3GXsY8LDn00,¬´–ú—ã –≤—ã–∂–∏–≤–∞–µ–º –¥–æ —Å–∏—Ö –ø–æ—Ä¬ª: –º–∞–ª—ã–π –±–∏–∑–Ω–µ—Å –≤ —É—Å–ª–æ–≤–∏—è—Ö –ø–∞–Ω–¥–µ–º–∏–∏,2020-06-25T09:28:47Z,–ù–∞–≤–∞–ª—å–Ω—ã–π LIVE,128823,11105,270,1102
13,s98aOaOVwgs,–ü—É—Ç–∏–Ω —Ç–µ—Ä—è–µ—Ç –∫—Ä–µ–¥–∏—Ç –¥–æ–≤–µ—Ä–∏—è,2020-06-23T09:49:49Z,–ù–∞–≤–∞–ª—å–Ω—ã–π LIVE,1041281,77060,2173,6756
14,Oh3HsoU1-YE,"–ù–∞–≤–∞–ª—å–Ω—ã–π –æ —Ç–æ–º, –∫–∞–∫ –±—É–¥—É—Ç –ø—Ä–æ–∏—Å—Ö–æ–¥–∏—Ç—å —Ñ–∞–ª—å—Å–∏—Ñ–∏–∫–∞—Ü–∏–∏ –Ω–∞ –≥–æ–ª–æ—Å–æ–≤–∞–Ω–∏–∏ –ø–æ –ø–æ–ø—Ä–∞–≤–∫–∞–º",2020-06-21T11:55:54Z,–ù–∞–≤–∞–ª—å–Ω—ã–π LIVE,517114,30483,1088,4656
15,iJDXfBdX-Ms,–ù–∞–≤–∞–ª—å–Ω—ã–π: —Å—É—à–∏—Ç –ª–∏ –≤–ª–∞—Å—Ç—å –ø—Ä–æ—Ç–µ—Å—Ç–Ω—É—é —è–≤–∫—É?,2020-06-20T11:56:41Z,–ù–∞–≤–∞–ª—å–Ω—ã–π LIVE,113072,8325,504,1604
16,WzNfI5PQPP0,"–ù–∞–≤–∞–ª—å–Ω—ã–π –æ —Ç–æ–º, –ø–æ—á–µ–º—É –ø–æ–ø—Ä–∞–≤–∫–∏ –≤ –ö–æ–Ω—Å—Ç–∏—Ç—É—Ü–∏—é —É–∂–µ –ø—Ä–∏–Ω—è—Ç—ã",2020-06-19T12:00:32Z,–ù–∞–≤–∞–ª—å–Ω—ã–π LIVE,186559,11508,798,2274
17,02GZW6ppdT8,"–ú–µ—Å–∏–≤–æ –≤ –ë–µ–ª–∞—Ä—É—Å–∏, –≤–∏–Ω–æ–≤–∞—Ç –ª–∏ –ì–Ω–æ–º –ì–Ω–æ–º—ã—á, –∞—Ä–µ—Å—Ç–æ–≤–∞–Ω –ù–∞–ª–∏–≤–∫–∏–Ω",2020-06-18T19:47:46Z,–ù–∞–≤–∞–ª—å–Ω—ã–π LIVE,1697109,95537,3570,11309
18,Duo0np6DJz0,–õ—é–±–æ–≤—å –°–æ–±–æ–ª—å: –ü—É—Ç–∏–Ω ‚Äî –Ω–æ—Å–∏—Ç–µ–ª—å –¥—É—Ö–∞ –∏ –º—ã—à–ª–µ–Ω–∏—è 90-—Ö,2020-06-18T11:46:14Z,–ù–∞–≤–∞–ª—å–Ω—ã–π LIVE,467194,47108,723,4671
19,p3OG56tlTqs,–ö–∞–∫ –±—é–¥–∂–µ—Ç–Ω–∏–∫–æ–≤ –≥–æ–Ω—è—Ç –Ω–∞ –æ–±–Ω—É–ª–µ–Ω–∏–µ –ü—É—Ç–∏–Ω–∞,2020-06-16T11:31:17Z,–ù–∞–≤–∞–ª—å–Ω—ã–π LIVE,777120,53058,961,8206
20,s__5CfqWSwQ,–ß—Ç–æ –º–æ—Å–∫–≤–∏—á–∏ –¥—É–º–∞—é—Ç –æ —Å–ø–∏–∫–µ—Ä–µ –ú–æ—Å–≥–æ—Ä–¥—É–º—ã –®–∞–ø–æ—à–Ω–∏–∫–æ–≤–µ –∏ –µ–≥–æ –¥–≤—É—Ö –º–∏–ª–ª–∏–∞—Ä–¥–∞—Ö,2020-06-15T13:14:11Z,–ù–∞–≤–∞–ª—å–Ω—ã–π LIVE,177321,18038,241,1674
21,3NFJfSdP0CE,"–ù–∞–≤–∞–ª—å–Ω—ã–π –æ —Ç–æ–º, —á—Ç–æ –¥–µ–ª–∞—Ç—å —Å –≥–æ–ª–æ—Å–æ–≤–∞–Ω–∏–µ–º –ø–æ –ø–æ–ø—Ä–∞–≤–∫–∞–º –≤ –ö–æ–Ω—Å—Ç–∏—Ç—É—Ü–∏—é",2020-06-15T09:55:28Z,–ù–∞–≤–∞–ª—å–Ω—ã–π LIVE,616681,28651,1988,5576
22,IsQwbYsB1P8,–ù–∞–≤–∞–ª—å–Ω—ã–π –æ –ü–µ—Å–∫–æ–≤–µ –∏ —Ä–æ—Å—Å–∏–π—Å–∫–æ–π –º–µ–¥–∏—Ü–∏–Ω–µ,2020-06-14T11:55:40Z,–ù–∞–≤–∞–ª—å–Ω—ã–π LIVE,107553,8240,235,1656
23,mkri-F3LVIA,–ù–∞–≤–∞–ª—å–Ω—ã–π –æ–± —É–∂–∞—Å–∞—Ö –≤ –ö–∞—Ä–∞—á–∞–µ–≤–æ-–ß–µ—Ä–∫–µ—Å—Å–∏–∏,2020-06-13T14:16:14Z,–ù–∞–≤–∞–ª—å–Ω—ã–π LIVE,282831,16579,604,2196
24,SprxzOK0-O8,–ú–∏–ª–æ–≤: –ü–µ–Ω—Å–∏–æ–Ω–Ω–æ–π —Ä–µ—Ñ–æ—Ä–º–µ –¥–≤–∞ –≥–æ–¥–∞,2020-06-13T11:59:40Z,–ù–∞–≤–∞–ª—å–Ω—ã–π LIVE,78190,7376,191,624
25,xFOu97tzxiA,–ù–∞–≤–∞–ª—å–Ω—ã–π –æ–± –∞–≤–∞—Ä–∏–∏ —Å –ú–∏—Ö–∞–∏–ª–æ–º –ï—Ñ—Ä–µ–º–æ–≤—ã–º,2020-06-13T09:55:35Z,–ù–∞–≤–∞–ª—å–Ω—ã–π LIVE,392163,17086,1212,2812
26,ECtwaASOAQE,"–í—ã–±–æ—Ä—ã, –æ–±–Ω—É–ª–µ–Ω–∏–µ –∏ –ª—è–≥—É—à–∫–∞ –≤ –∫–∏–ø—è—Ç–∫–µ",2020-06-12T12:00:24Z,–ù–∞–≤–∞–ª—å–Ω—ã–π LIVE,309867,31194,536,3495
27,A9mny08uI8s,"–í –ê–º–µ—Ä–∏–∫–µ –±—É–Ω—Ç—É—é—Ç, –∞ —É –Ω–∞—Å ‚Äî –Ω–µ—Ç? –ï—Ñ—Ä–µ–º–æ–≤ —É—Å—Ç—Ä–æ–∏–ª –∞–≤–∞—Ä–∏—é. –ß—Ç–æ –¥–µ–ª–∞—Ç—å –Ω–∞ ¬´–≥–æ–ª–æ—Å–æ–≤–∞–Ω–∏–∏¬ª",2020-06-11T19:20:06Z,–ù–∞–≤–∞–ª—å–Ω—ã–π LIVE,1258402,75847,2238,9814
28,un9SgZ5RsQ4,–ï—Å—Ç—å –ª–∏ —É –ú–∏—à—É—Å—Ç–∏–Ω–∞ –ø–ª–∞–Ω?,2020-06-11T14:58:37Z,–ù–∞–≤–∞–ª—å–Ω—ã–π LIVE,279072,15388,315,1311
29,wQ4ZO1ZmxtU,–ö–∞–∫ —Ä–µ–≥–∏–æ–Ω–∞–ª—å–Ω–æ–µ –¢–í ¬´–æ–±–Ω—É–ª—è–µ—Ç¬ª –ü—É—Ç–∏–Ω–∞,2020-06-10T12:04:21Z,–ù–∞–≤–∞–ª—å–Ω—ã–π LIVE,331215,28438,320,2445
30,Z1eyxrGZPt0,–§–µ—Å—Ç–∏–≤–∞–ª—å –≤–æ –≤—Ä–µ–º—è —á—É–º—ã,2020-06-10T06:59:50Z,–ù–∞–≤–∞–ª—å–Ω—ã–π LIVE,120899,13189,154,774
31,0uoj0yE8QQI,–õ—é–±–æ–≤—å –°–æ–±–æ–ª—å –ø—Ä–æ –≥–æ–ª–æ—Å–æ–≤–∞–Ω–∏–µ –ø–æ –ø–æ–ø—Ä–∞–≤–∫–∞–º –≤ –ö–æ–Ω—Å—Ç–∏—Ç—É—Ü–∏—é,2020-06-09T14:08:30Z,–ù–∞–≤–∞–ª—å–Ω—ã–π LIVE,218780,22922,514,3259
32,OTzOQctqf2A,"–†–∞—Å—Å—Ç—Ä–µ–ª—è—Ç—å, —Ä–∞—Å—Ç–æ–ø—Ç–∞—Ç—å, –∏–∑–±–∏—Ç—å. –ö–∞–∫ —á–∏–Ω–æ–≤–Ω–∏–∫–∏ —Ä–µ–∞–≥–∏—Ä—É—é—Ç –Ω–∞ –∫—Ä–∏—Ç–∏–∫—É",2020-06-09T09:12:32Z,–ù–∞–≤–∞–ª—å–Ω—ã–π LIVE,298320,30664,332,2135
33,srGq63XTF7Q,¬´–ù–æ—Ä–∏–ª—å—Å–∫ —Å–∞–º –ø–æ —Å–µ–±–µ ‚Äî —ç–∫–æ–ª–æ–≥–∏—á–µ—Å–∫–∞—è –∫–∞—Ç–∞—Å—Ç—Ä–æ—Ñ–∞¬ª,2020-06-08T10:57:08Z,–ù–∞–≤–∞–ª—å–Ω—ã–π LIVE,155975,13162,163,1375
34,ve3VEZy7uc4,–ù–∞–≤–∞–ª—å–Ω—ã–π: –∫–∞–∫ –ú–∞–∫—Å–∏–º –ì–∞–ª–∫–∏–Ω –°–æ–±—è–Ω–∏–Ω–∞ –∏—Å–ø—É–≥–∞–ª,2020-06-08T09:55:32Z,–ù–∞–≤–∞–ª—å–Ω—ã–π LIVE,293812,16722,334,1853
35,9HK_VGuJ0Pk,–ù–∞–≤–∞–ª—å–Ω—ã–π –æ –∫–∞—Ç–∞—Å—Ç—Ä–æ—Ñ–µ –≤ –ù–æ—Ä–∏–ª—å—Å–∫–µ,2020-06-07T09:56:41Z,–ù–∞–≤–∞–ª—å–Ω—ã–π LIVE,425307,25038,505,3307
36,YmDS8N_csSA,"–ù–∞–≤–∞–ª—å–Ω—ã–π: –∫–∞–∫ —Ç–µ–±–µ —Ç–∞–∫–æ–µ, –î–º–∏—Ç—Ä–∏–π –†–æ–≥–æ–∑–∏–Ω?",2020-06-06T09:56:00Z,–ù–∞–≤–∞–ª—å–Ω—ã–π LIVE,489384,28093,712,3751
37,_-ttObArW5s,"–ú–∞—Å–∫ ¬´—É–º—ã–ª¬ª –†–æ–≥–æ–∑–∏–Ω–∞, –Ω–æ—Ä–∏–ª—å—Å–∫–∞—è –∫–∞—Ç–∞—Å—Ç—Ä–æ—Ñ–∞, —Ö–æ–ª—É–∏ –∏–∑ –ò–Ω—Å—Ç–∞–≥—Ä–∞–º–∞",2020-06-04T20:00:06Z,–ù–∞–≤–∞–ª—å–Ω—ã–π LIVE,1110137,81216,1769,9924
38,c-WIt5Vh7JU,"–ú–∞—Å–∫, —Å—Ç–∞–±—Ñ–æ–Ω–¥ –°–µ—á–∏–Ω–∞ –∏ —Ä–æ—Å—Ç —Ü–µ–Ω",2020-06-04T09:01:08Z,–ù–∞–≤–∞–ª—å–Ω—ã–π LIVE,279833,18634,447,1507
39,yMlbVCX-Df4,–õ—é–±–æ–≤—å –°–æ–±–æ–ª—å –æ–± –∞—Ä–µ—Å—Ç–µ ¬´–æ–º–±—É–¥—Å–º–µ–Ω–∞ –ø–æ–ª–∏—Ü–∏–∏¬ª –í–ª–∞–¥–∏–º–∏—Ä–∞ –í–æ—Ä–æ–Ω—Ü–æ–≤–∞,2020-06-03T09:22:25Z,–ù–∞–≤–∞–ª—å–Ω—ã–π LIVE,216087,24354,448,2642
40,EmwGnUrT3Bc,–ù–∞–≤–∞–ª—å–Ω—ã–π: –ü—É—Ç–∏–Ω –ø–æ–¥–∞—Ä–∏—Ç –†–æ—Å—Å–∏–∏ –ø–∞—Ä–∞–¥,2020-06-01T09:55:36Z,–ù–∞–≤–∞–ª—å–Ω—ã–π LIVE,305905,19987,808,4409
41,Tyx6CW0ZtZI,–ù–∞–≤–∞–ª—å–Ω—ã–π: –Ω–∞ –ö–∞–≤–∫–∞–∑–µ —Å–ª—É—á–∏–ª–æ—Å—å —á—É–¥–æ,2020-05-31T11:55:30Z,–ù–∞–≤–∞–ª—å–Ω—ã–π LIVE,1017640,39863,1551,4648
42,RVXVH0_tGH8,–ù–∞–≤–∞–ª—å–Ω—ã–π –æ ¬´–Ω–∏—â–∏—Ö¬ª –∞—Ä—Ç–∏—Å—Ç–∞—Ö,2020-05-30T09:56:16Z,–ù–∞–≤–∞–ª—å–Ω—ã–π LIVE,590058,23037,852,3317
43,WbdIXM9z_Oc,üî• –ó–∞–¥–µ—Ä–∂–∞–Ω–∏—è –∂—É—Ä–Ω–∞–ª–∏—Å—Ç–æ–≤. –ü–∞—Ä–æ–¥–∏—è –ì–∞–ª–∫–∏–Ω–∞. –ù–æ–≤—ã–π —Ä–µ–π—Ç–∏–Ω–≥ –ü—É—Ç–∏–Ω–∞,2020-05-29T21:33:13Z,–ù–∞–≤–∞–ª—å–Ω—ã–π LIVE,265897,23597,447,2331
44,UPuY6A8gR9U,"–ß—É–¥–æ –Ω–∞ –ö–∞–≤–∫–∞–∑–µ, ¬´–Ω–∏—â–∏–µ¬ª –ü—Ä–∏–≥–æ–∂–∏–Ω –∏ –í–∞–ª–µ—Ä–∏—è, –ü—É—Ç–∏–Ω –±—Ä–æ—Å–∏–ª —Ä—É—á–∫—É",2020-05-28T20:34:47Z,–ù–∞–≤–∞–ª—å–Ω—ã–π LIVE,1096740,80823,1283,8848
45,lcrUONXzzJ0,–ñ—É—Ç–∫–∏–π –∞–ø—Ä–µ–ª—å,2020-05-28T10:41:04Z,–ù–∞–≤–∞–ª—å–Ω—ã–π LIVE,225903,14672,288,1414
46,p1dmr3itO9s,üî• –°–æ–±—è–Ω–∏–Ω –∏ –ø—Ä–æ–≥—É–ª–∫–∏ –ø–æ –≥—Ä–∞—Ñ–∏–∫—É. –ò—Å–∫ –∫ –ü—É—Ç–∏–Ω—É –æ—Ç –±—ã–≤—à–µ–≥–æ –≥—É–±–µ—Ä–Ω–∞—Ç–æ—Ä–∞. –Æ–±–∏–ª–µ–π ¬´–ï–¥–∏–Ω—Å—Ç–≤–∞¬ª,2020-05-27T21:40:48Z,–ù–∞–≤–∞–ª—å–Ω—ã–π LIVE,334770,23915,502,3955
47,V9-ri8N9aSk,"–ù–∞—à–∏ —Å—Ç—ã–¥–Ω—ã–µ –æ—Ç–≤–µ—Ç—ã Apple, Google –∏ ¬´–í–∏–∫–∏–ø–µ–¥–∏–∏¬ª",2020-05-27T11:49:30Z,–ù–∞–≤–∞–ª—å–Ω—ã–π LIVE,316860,35008,1443,2462
48,4tvuHcXZd2U,üî• –ü–∞—Ä–∞–¥ 24 –∏—é–Ω—è. –ü–µ—Å–∫–æ–≤ –∏ ¬´–°–æ—Ü–∏–∞–ª—å–Ω—ã–π –º–æ–Ω–∏—Ç–æ—Ä–∏–Ω–≥¬ª. –ù–µ–¥–æ–≤–µ—Ä–∏–µ –∫ —Å—É–¥–∞–º,2020-05-26T21:10:38Z,–ù–∞–≤–∞–ª—å–Ω—ã–π LIVE,224327,18659,367,2174
49,PuDrc70GIII,–ü—É—Ç–∏–Ω —Ç–æ—Ä–æ–ø–∏—Ç—Å—è –æ–±–Ω—É–ª–∏—Ç—å—Å—è,2020-05-26T10:55:54Z,–ù–∞–≤–∞–ª—å–Ω—ã–π LIVE,544501,47746,545,3895
50,OwrXqz4roTM,üî• –î–∏—Å—Ç–∞–Ω—Ü–∏–æ–Ω–Ω–æ–µ –≥–æ–ª–æ—Å–æ–≤–∞–Ω–∏–µ –∑–∞ –ø–æ–ø—Ä–∞–≤–∫–∏. Bloomberg –∏ —Ä–µ–π—Ç–∏–Ω–≥ –ü—É—Ç–∏–Ω–∞. –ó–µ–º–ª–µ–≤–ª–∞–¥–µ–ª–µ—Ü –¢–∫–∞—á–µ–≤,2020-05-25T21:20:49Z,–ù–∞–≤–∞–ª—å–Ω—ã–π LIVE,243533,21763,333,2286
51,e05zUnDjgl8,–ù–∞–≤–∞–ª—å–Ω—ã–π –æ —Ç–æ–º –∫–∞–∫ –ß–∞–π–∫–∞ —à–≤–µ–π—Ü–∞—Ä—Å–∫–æ–≥–æ –ø—Ä–æ–∫—É—Ä–æ—Ä–∞ —É–≥–æ–≤–æ—Ä–∏–ª,2020-05-25T10:01:50Z,–ù–∞–≤–∞–ª—å–Ω—ã–π LIVE,297014,18937,275,1566
52,VSZf-jHAU7k,–ù–∞–≤–∞–ª—å–Ω—ã–π –æ –≤—ã—Å–∫–∞–∑—ã–≤–∞–Ω–∏—è—Ö –¥–æ–∫—Ç–æ—Ä–∞ –ú—è—Å–Ω–∏–∫–æ–≤–∞,2020-05-24T11:57:33Z,–ù–∞–≤–∞–ª—å–Ω—ã–π LIVE,514353,25995,1737,4422
53,kqMVC4lD1go,–ù–∞–≤–∞–ª—å–Ω—ã–π –æ –ø—Ä–æ–¥–∞–∂–µ —è—Ö—Ç—ã –ú–µ–¥–≤–µ–¥–µ–≤–∞ –Ω–∞ ¬´–ê–≤–∏—Ç–æ¬ª,2020-05-23T09:57:08Z,–ù–∞–≤–∞–ª—å–Ω—ã–π LIVE,351976,20320,358,1832
54,PAtW3a3NbXE,üî• –ì–æ–ª–æ—Å–æ–≤–∞–Ω–∏–µ –Ω–∞ —Ñ–æ–Ω–µ —ç–ø–∏–¥–µ–º–∏–∏. –ö–∞—Ç–∞—Å—Ç—Ä–æ—Ñ–∞ –¥–ª—è –º–∞–ª–æ–≥–æ –±–∏–∑–Ω–µ—Å–∞. –û—Ä–¥–µ–Ω –¥–ª—è –ó–∞—Ö–∞—Ä–æ–≤–æ–π,2020-05-22T20:24:11Z,–ù–∞–≤–∞–ª—å–Ω—ã–π LIVE,189744,16630,305,1805
55,VQl2KVISh1w,"–ö–æ—à–º–∞—Ä –≤ –ß–µ—á–Ω–µ –∏ –î–∞–≥–µ—Å—Ç–∞–Ω–µ, –≤—Ä–∞—á–∏ –∏ –í–ª–∞–¥–∏–º–∏—Ä –û–±–µ—â–∞–ª–∫–∏–Ω, —è—Ö—Ç–∞ –ú–µ–¥–≤–µ–¥–µ–≤–∞ –Ω–∞ ¬´–ê–≤–∏—Ç–æ¬ª",2020-05-21T19:59:56Z,–ù–∞–≤–∞–ª—å–Ω—ã–π LIVE,2316411,123190,4035,17010
56,WKxz99zyr_o,üî• –î–µ–ª–æ –ö–æ—Ç–æ–≤–∞. –ß—É–±–∞–π—Å –ø—Ä–æ –Ω–µ—Ñ—Ç—è–Ω—É—é –∏–≥–ª—É. –ö–æ–º—É –ø–æ–ª–æ–∂–µ–Ω–æ —É–º–µ—Ä–µ—Ç—å ‚Äî –ø–æ–º—Ä—É—Ç,2020-05-20T22:12:37Z,–ù–∞–≤–∞–ª—å–Ω—ã–π LIVE,160758,14706,235,1694
57,Oel5UUuxZLI,"–ù–æ–≤—ã–µ –∑–∞–∫–æ–Ω—ã: –æ–±—ã—Å–∫–∏, –≤—ã–±–æ—Ä—ã, —à—Ç—Ä–∞—Ñ—ã, –ø–æ–ª–∏—Ü–∏—è",2020-05-20T12:33:50Z,–ù–∞–≤–∞–ª—å–Ω—ã–π LIVE,207440,16368,191,1375
58,tp_9uOjSj-c,–ú–∏–ª–ª–∏–æ–Ω—ã –¥–ª—è –®—Ä–µ–¥–µ—Ä–∞,2020-05-20T09:00:16Z,–ù–∞–≤–∞–ª—å–Ω—ã–π LIVE,290474,14174,490,1299
59,mCwceRA3X5U,üî• –ß–µ–≥–æ –Ω–µ –æ–∂–∏–¥–∞–ª –º–∏–Ω–∏—Å—Ç—Ä —Ç—Ä—É–¥–∞. –ü—Ä–æ–≥—É–ª–∫–∏ –ø–æ–∫–∞ –Ω–µ —Ä–∞–∑—Ä–µ—à–∞—Ç. –ú–µ–¥–≤–µ–¥–µ–≤ –∏ –ø–µ—Ä–µ–º–µ–Ω—ã –≤ ¬´–ï–¥–∏–Ω–æ–π –†–æ—Å—Å–∏–∏¬ª,2020-05-19T22:05:37Z,–ù–∞–≤–∞–ª—å–Ω—ã–π LIVE,228668,20705,276,2068
60,C9LVAufesmo,–í–ª–∞—Å—Ç—å –∏ –∫—É–ª—å—Ç—É—Ä–∞: –∏—Å—Ç–æ—Ä–∏—è —É–ø–∞–¥–∫–∞,2020-05-19T16:26:02Z,–ù–∞–≤–∞–ª—å–Ω—ã–π LIVE,296952,26117,499,1584
61,0QY4pInhZHs,üî• –ö–æ—Ä–æ–Ω–∞–≤–∏—Ä—É—Å –∏ –æ–±–µ—â–∞–Ω–∏—è –≤—Ä–∞—á–∞–º. –ì–æ–ª–æ—Å–æ–≤–∞–Ω–∏–µ –ø–æ –ö–æ–Ω—Å—Ç–∏—Ç—É—Ü–∏–∏. –£—Å–º–∞–Ω–æ–≤ –≤ –±—Ä–∏—Ç–∞–Ω—Å–∫–æ–º —Ä–µ–π—Ç–∏–Ω–≥–µ,2020-05-18T21:46:28Z,–ù–∞–≤–∞–ª—å–Ω—ã–π LIVE,179985,14693,249,1660
62,k5tE2M37eEk,"–ù–∞–≤–∞–ª—å–Ω—ã–π –æ –¥–æ—á–µ—Ä–∏ –ü—É—Ç–∏–Ω–∞, –°–µ—á–∏–Ω–µ –∏ –æ –≥–µ–Ω–µ—Ç–∏—á–µ—Å–∫–∏—Ö –∏—Å—Å–ª–µ–¥–æ–≤–∞–Ω–∏—è—Ö —Ä–æ—Å—Å–∏—è–Ω",2020-05-18T10:04:14Z,–ù–∞–≤–∞–ª—å–Ω—ã–π LIVE,278587,16719,342,2214
63,aP0UcsYDa1E,–ù–∞–≤–∞–ª—å–Ω—ã–π –æ —Å–∏—Ç—É–∞—Ü–∏–∏ —Å —è–∫—É—Ç—Å–∫–∏–º —à–∞–º–∞–Ω–æ–º,2020-05-17T11:55:54Z,–ù–∞–≤–∞–ª—å–Ω—ã–π LIVE,308127,22940,425,3449
64,3uQqdY7YehY,–ù–∞–≤–∞–ª—å–Ω—ã–π –æ –º–∞—Å–æ—á–Ω–æ–º —Ä–µ–∂–∏–º–µ,2020-05-16T11:55:40Z,–ù–∞–≤–∞–ª—å–Ω—ã–π LIVE,413129,23303,576,3176
65,WZ6Wg5DDUjI,–í—Å–µ –Ω–∞ –ø–æ–º–æ—â—å –°–µ—á–∏–Ω—É!,2020-05-16T08:56:49Z,–ù–∞–≤–∞–ª—å–Ω—ã–π LIVE,350382,19749,375,1973
66,wL5Exq2s8fM,"–°–µ—á–∏–Ω ‚Äî —Å–ø–æ–Ω—Å–æ—Ä –¥–æ—á–µ—Ä–∏ –ü—É—Ç–∏–Ω–∞, —à–∞–º–∞–Ω–∞ –æ—Ç–ø—Ä–∞–≤—è—Ç –≤ –ø—Å–∏—Ö—É—à–∫—É, –≤–ø–µ—Ä–µ–¥–∏ –ø–æ–ª–∏—Ü–µ–π—Å–∫–∏–π –±–µ—Å–ø—Ä–µ–¥–µ–ª",2020-05-14T20:02:56Z,–ù–∞–≤–∞–ª—å–Ω—ã–π LIVE,1783743,106112,2674,10080
67,zs6vlEdZ1nQ,üî• –ì–æ–ª–æ—Å–æ–≤–∞–Ω–∏–µ –ø–æ –ø–æ—á—Ç–µ. –ë–µ–≥–ª–æ–≤ –∏ —Ä–∞–∑–¥–∞—á–∞ –º–∞—Å–æ–∫. –î–µ–ø—É—Ç–∞—Ç—ã ¬´–æ—Ç–ø—É–≥–∏–≤–∞—é—Ç –≤–∏—Ä—É—Å¬ª,2020-05-13T20:39:15Z,–ù–∞–≤–∞–ª—å–Ω—ã–π LIVE,240270,23197,326,2876
68,kZd3Rc4FYY8,–û–±–∑–æ—Ä —Ä–æ—Å—Å–∏–π—Å–∫–æ–π –∫–æ–Ω—Å–ø–∏—Ä–æ–ª–æ–≥–∏–∏ –∏ —Ç–µ–æ—Ä–∏–π –∑–∞–≥–æ–≤–æ—Ä–∞,2020-05-13T12:58:51Z,–ù–∞–≤–∞–ª—å–Ω—ã–π LIVE,239017,17798,1745,2869
69,JRF2AovgEMg,–°–æ–ª–æ–≤—å–µ–≤: –ø—Ä–æ–ø–∞–≥–∞–Ω–¥–∏—Å—Ç –∏–ª–∏ —Ñ—Ä–∏–∫?,2020-05-12T14:53:09Z,–ù–∞–≤–∞–ª—å–Ω—ã–π LIVE,822416,64776,1986,6018
70,aEBAYxE2h2w,–ù–∞–≤–∞–ª—å–Ω—ã–π: –¥–≤–∞–¥—Ü–∞—Ç—å –ª–µ—Ç –∏–Ω–∞—É–≥—É—Ä–∞—Ü–∏–∏ –ü—É—Ç–∏–Ω–∞,2020-05-11T11:55:34Z,–ù–∞–≤–∞–ª—å–Ω—ã–π LIVE,202947,14332,300,1626
71,pbBBdfkaaqA,–°–∏–ª—É–∞–Ω–æ–≤ –ª–∂–µ—Ç,2020-05-11T08:59:00Z,–ù–∞–≤–∞–ª—å–Ω—ã–π LIVE,423464,24068,404,2730
72,Fq3TyA68j60,–î–µ–±–∞—Ç—ã –õ—é–±–æ–≤–∏ –°–æ–±–æ–ª—å –∏ –ö—Å–µ–Ω–∏–∏ –°–æ–±—á–∞–∫. ¬´20 —Ç—ã—Å—è—á: –ø–æ–ø—É–ª–∏–∑–º –∏–ª–∏ –Ω–µ–æ–±—Ö–æ–¥–∏–º–æ—Å—Ç—å?¬ª,2020-05-10T16:06:38Z,–ù–∞–≤–∞–ª—å–Ω—ã–π LIVE,1705879,92466,6611,34722
73,QfgCAe2POEw,–ù–∞–≤–∞–ª—å–Ω—ã–π: –ù–∏–∫–∏—Ç–∞ –ú–∏—Ö–∞–ª–∫–æ–≤ –ø—Ä–æ—Ç–∏–≤ –ë–∏–ª–ª–∞ –ì–µ–π—Ç—Å–∞,2020-05-10T10:04:20Z,–ù–∞–≤–∞–ª—å–Ω—ã–π LIVE,218355,10484,4202,4657
74,PeYWta88W3w,–ù–∞–≤–∞–ª—å–Ω—ã–π: —Å–∞–º—ã–π —Å—Ç—Ä–∞–Ω–Ω—ã–π –î–µ–Ω—å –ü–æ–±–µ–¥—ã,2020-05-09T09:55:54Z,–ù–∞–≤–∞–ª—å–Ω—ã–π LIVE,632734,42419,1230,5673
75,CXmqQMYgftY,üî• –ü–∞–¥–µ–Ω–∏–µ –¥–æ—Ö–æ–¥–æ–≤. –®—É—Ç–∫–∞ –ª–∏–ø–µ—Ü–∫–æ–≥–æ –≥—É–±–µ—Ä–Ω–∞—Ç–æ—Ä–∞. –ñ–∞–∫–µ—Ç –≤–∏—Ü–µ-–º—ç—Ä–∞ –∑–∞ 300 —Ç—ã—Å—è—á,2020-05-08T21:01:01Z,–ù–∞–≤–∞–ª—å–Ω—ã–π LIVE,228292,18731,249,1367
76,RZMC63FPFeM,"–ù–∏–∫–∏—Ç–∞ –ú–∏—Ö–∞–ª–∫–æ–≤ vs –ë–∏–ª–ª –ì–µ–π—Ç—Å, —Ç—Ä–∞–≤–∏—Ç—å –∏—Ö –∫–∞–∫ –∫–ª–µ—â–µ–π, —Å—Ç—Ä–∞–Ω–Ω—ã–µ ¬´–¥–µ–±–∞—Ç—ã¬ª —Å –ó–∞—Ö–∞—Ä–æ–≤–æ–π",2020-05-07T20:23:16Z,–ù–∞–≤–∞–ª—å–Ω—ã–π LIVE,2186699,115738,3780,13866
77,s-8adBxhU3w,–û—Å—Ç–∞–ª–∏—Å—å –ª–∏ –¥–µ–Ω—å–≥–∏ –≤ –§–ù–ë?,2020-05-07T13:00:31Z,–ù–∞–≤–∞–ª—å–Ω—ã–π LIVE,276972,15508,424,1665
78,sJ8esSC2hBw,üî• –í—ã—Å—Ç—É–ø–ª–µ–Ω–∏–µ –ü—É—Ç–∏–Ω–∞ –∏ –∏–Ω—Ç–µ—Ä–≤—å—é –°–∏–ª—É–∞–Ω–æ–≤–∞. –î–æ–≤–µ—Ä–∏–µ –∫ –ü—É—Ç–∏–Ω—É –∏ –ù–∞–≤–∞–ª—å–Ω–æ–º—É. ¬´–í–µ–¥–æ–º–æ—Å—Ç–∏¬ª –∏ —Ü–µ–Ω–∑—É—Ä–∞,2020-05-06T21:55:08Z,–ù–∞–≤–∞–ª—å–Ω—ã–π LIVE,568384,42604,652,3586
79,AerEnJeLARk,–ü–æ—á–µ–º—É –ü—É—Ç–∏–Ω –Ω–µ –≤–≤–æ–¥–∏—Ç –ß–°,2020-05-06T12:29:08Z,–ù–∞–≤–∞–ª—å–Ω—ã–π LIVE,1358168,86243,2086,6859
80,Zs8mUTHlajQ,¬´–ú—ã —Ö–æ—Ç–∏–º —á–µ–ª–æ–≤–µ—á–µ—Å–∫–∏—Ö —É—Å–ª–æ–≤–∏–π –∏ –∑–∞—â–∏—Ç—ã¬ª: —Å—Ç—É–¥–µ–Ω—Ç—ã –æ –ø—Ä–∏–Ω—É–¥–∏—Ç–µ–ª—å–Ω–æ–π –ø—Ä–∞–∫—Ç–∏–∫–µ,2020-05-05T06:59:30Z,–ù–∞–≤–∞–ª—å–Ω—ã–π LIVE,347940,27288,438,3838
81,52MFOcMPZaU,–ù–∞–≤–∞–ª—å–Ω—ã–π –æ –∫—Ä–∞–±–æ–≤–æ–º –±–∏–∑–Ω–µ—Å–µ –ö—Å–µ–Ω–∏–∏ –°–æ–±—á–∞–∫,2020-05-04T09:55:43Z,–ù–∞–≤–∞–ª—å–Ω—ã–π LIVE,623133,33456,952,3162
82,e1QzOnxIekI,–ù–∞–≤–∞–ª—å–Ω—ã–π –æ —Å–∏—Ç—É–∞—Ü–∏–∏ —Å –†–µ–≥–∏–Ω–æ–π –¢–æ–¥–æ—Ä–µ–Ω–∫–æ,2020-05-03T11:54:45Z,–ù–∞–≤–∞–ª—å–Ω—ã–π LIVE,1499519,44609,3287,7192
83,Z6fr9oRusDI,–ú–∏—à—É—Å—Ç–∏–Ω ‚Äî –≤—Å–µ?..,2020-05-03T08:55:43Z,–ù–∞–≤–∞–ª—å–Ω—ã–π LIVE,796859,34694,1474,3761
84,fbXz76IgJUE,–ù–∞–≤–∞–ª—å–Ω—ã–π vs –ó–∞—Ö–∞—Ä–æ–≤–∞. –ö–∞–∫ –Ω–µ —Å–æ—Å—Ç–æ—è–ª–∏—Å—å –¥–µ–±–∞—Ç—ã —Å –æ—Ñ–∏—Ü–∏–∞–ª—å–Ω—ã–º –ø—Ä–µ–¥—Å—Ç–∞–≤–∏—Ç–µ–ª–µ–º –ú–ò–î,2020-05-02T14:43:37Z,–ù–∞–≤–∞–ª—å–Ω—ã–π LIVE,628473,62222,1206,7934
85,v4uyQOIl_n8,–ù–∞–≤–∞–ª—å–Ω—ã–π –æ –∑–∞—è–≤–ª–µ–Ω–∏–∏ –ú–∞—Ä–∏–∏ –ó–∞—Ö–∞—Ä–æ–≤–æ–π –æ –ø—Ä–∏–≤–∏–ª–µ–≥–∏—è—Ö –±–æ–≥–∞—Ç—ã—Ö,2020-05-02T09:55:54Z,–ù–∞–≤–∞–ª—å–Ω—ã–π LIVE,383167,30281,836,4229
86,PAY56ovT4Qc,"–î–æ—á–∫–∞ –ü—É—Ç–∏–Ω–∞ –∏—Å–ø—Ä–∞–≤–∏—Ç –Ω–∞–º –≥–µ–Ω—ã, —Å–∫–∞–Ω–¥–∞–ª —Å –¢–æ–¥–æ—Ä–µ–Ω–∫–æ, –°–æ–±—á–∞–∫ –∏ –ó–∞—Ö–∞—Ä–æ–≤–∞ ‚Äî —ç–ª–∏—Ç–∞",2020-04-30T20:12:30Z,–ù–∞–≤–∞–ª—å–Ω—ã–π LIVE,2156094,126920,2785,14450
87,UWiSVBg24JA,–ü—É—Ç–∏–Ω –Ω–µ —Å–ø–∞—Å–µ—Ç. –í—Å–µ –ø–ª–æ—Ö–æ,2020-04-30T12:00:20Z,–ù–∞–≤–∞–ª—å–Ω—ã–π LIVE,609859,27748,692,3198
88,m-gi96BQ4qU,–ú–∞—Ä–∏—è –ó–∞—Ö–∞—Ä–æ–≤–∞: –æ—Ç–¥—ã—Ö ‚Äî —ç—Ç–æ –¥–ª—è –±–æ–≥–∞—Ç—ã—Ö,2020-04-30T08:17:29Z,–ù–∞–≤–∞–ª—å–Ω—ã–π LIVE,712266,67972,1432,9785
89,-IrvaE76ZB8,–ú–∏—Ñ –æ —Å–∏–ª—å–Ω–æ–π —Ä—É–∫–µ –ü—É—Ç–∏–Ω–∞. –ö–∞–∫ —Å–æ–∑–¥–∞–≤–∞–ª—Å—è –∏ –∫–∞–∫ –æ–∫–∞–∑–∞–ª—Å—è —Ä–∞–∑—Ä—É—à–µ–Ω,2020-04-29T14:30:18Z,–ù–∞–≤–∞–ª—å–Ω—ã–π LIVE,977009,56005,964,4258
90,ZV9DYBnF8PA,üî• –ù–æ–≤–æ–µ –æ–±—Ä–∞—â–µ–Ω–∏–µ –ü—É—Ç–∏–Ω–∞. –≠–∫—Å–ø–µ—Ä–∏–º–µ–Ω—Ç—ã –æ—Ç ¬´–Ø–Ω–¥–µ–∫—Å–∞¬ª,2020-04-28T22:09:54Z,–ù–∞–≤–∞–ª—å–Ω—ã–π LIVE,448414,34802,638,3265
91,z69q36vhCRU,–ö–∞–∫ –≤–ª–∞—Å—Ç—å —Ä–∞—Å–ø—Ä–∞–≤–ª—è–ª–∞—Å—å —Å ¬´–Ω–µ–ø–æ—Å–ª—É—à–Ω—ã–º–∏¬ª –°–ú–ò,2020-04-28T13:15:05Z,–ù–∞–≤–∞–ª—å–Ω—ã–π LIVE,257174,23109,258,1398
92,ezNH8u-E4hE,üî• –ü–æ–º–æ—â—å —Ä–µ–≥–∏–æ–Ω–∞–º. –ù–µ–≥–∞—Ç–∏–≤ –æ—Ç –¥–µ–∫–ª–∞—Ä–∞—Ü–∏–π. ¬´–ö—Ä—ã–ª—å—è –°–æ–≤–µ—Ç–æ–≤¬ª –∏ –ø—É—Å—Ç–æ—Å–ª–æ–≤–∏–µ,2020-04-27T21:07:14Z,–ù–∞–≤–∞–ª—å–Ω—ã–π LIVE,217275,18596,284,1788
93,wxKr3hHGdwg,"–ù–∞–≤–∞–ª—å–Ω—ã–π –æ —Ç–æ–º, –∫–∞–∫ —Ä–∞–±–æ—Ç–∞–µ—Ç –ø—É—Ç–∏–Ω—Å–∫–∞—è –ø—Ä–æ–ø–∞–≥–∞–Ω–¥–∞ –≤ –ø–µ—Ä–∏–æ–¥ —ç–ø–∏–¥–µ–º–∏–∏",2020-04-27T09:55:34Z,–ù–∞–≤–∞–ª—å–Ω—ã–π LIVE,304057,21546,429,2213
94,ZIiFfLeLp28,–ù–∞–≤–∞–ª—å–Ω—ã–π –æ ¬´–±–µ–∑—É—Å–ª–æ–≤–Ω–æ–º —É—Å–ø–µ—Ö–µ¬ª –ü—É—Ç–∏–Ω–∞ –∏ –ø–∞–¥–µ–Ω–∏–∏ —Ü–µ–Ω—ã –Ω–∞ –Ω–µ—Ñ—Ç—å,2020-04-26T11:57:22Z,–ù–∞–≤–∞–ª—å–Ω—ã–π LIVE,457657,27481,634,2316
95,JUnvMrHKYM4,–ù–∞–≤–∞–ª—å–Ω—ã–π vs –ü—É—Ç–∏–Ω: –¥–∞–≤–∞—Ç—å –ª–∏ –¥–µ–Ω—å–≥–∏ –Ω–∞—Ä–æ–¥—É?,2020-04-26T08:59:27Z,–ù–∞–≤–∞–ª—å–Ω—ã–π LIVE,416258,22552,591,2505
96,zNHTAXsABnU,–ù–∞–≤–∞–ª—å–Ω—ã–π –æ –≤–æ–ª–Ω–µ–Ω–∏—è—Ö –≤ –°–µ–≤–µ—Ä–Ω–æ–π –û—Å–µ—Ç–∏–∏,2020-04-25T09:55:40Z,–ù–∞–≤–∞–ª—å–Ω—ã–π LIVE,339955,19435,414,1816
97,fLZKykqj4-A,üî• –ü—É—Ç–∏–Ω –ø—Ä–æ—Ç–∏–≤ –ª–∏–º—É–∑–∏–Ω–æ–≤. –ü–µ—Å–∫–æ–≤ –∏ ¬´–ü—è—Ç—å —à–∞–≥–æ–≤ –¥–ª—è –†–æ—Å—Å–∏–∏¬ª. –¢–µ–ª–µ–≥—Ä–∞–º,2020-04-24T21:00:52Z,–ù–∞–≤–∞–ª—å–Ω—ã–π LIVE,290643,22638,390,2270
98,mrLGO-qgLhU,"–°–æ–±—ã—Ç–∏—è –≤ –°–µ–≤–µ—Ä–Ω–æ–π –û—Å–µ—Ç–∏–∏, –≤—Ä–∞–Ω—å–µ –æ —Å–º–µ—Ä—Ç–Ω–æ—Å—Ç–∏, –¥–∞–π—Ç–µ –ª—é–¥—è–º –¥–µ–Ω–µ–≥",2020-04-23T20:10:08Z,–ù–∞–≤–∞–ª—å–Ω—ã–π LIVE,1762969,122420,2507,12410
99,N7Jyyg3PfiA,üî• –ú–∏–Ω–∏—Å—Ç—Ä –∏ —Ü–µ–Ω—ã –Ω–∞ –±–µ–Ω–∑–∏–Ω. –ì–¥–µ –≤—Ä–∞—á–∞–º —Ç—Ä–µ–±–æ–≤–∞—Ç—å —Å—Ä–µ–¥—Å—Ç–≤–∞ –∑–∞—â–∏—Ç—ã. –ó–∞–ø—Ä–µ—Ç—ã –≤ ¬´–í–µ–¥–æ–º–æ—Å—Ç—è—Ö¬ª,2020-04-22T19:53:00Z,–ù–∞–≤–∞–ª—å–Ω—ã–π LIVE,186875,15747,336,1444
100,YMPzz8-ByU8,–ü–æ–ª–∏—Ü–∏—è –Ω–∞ –∫–∞—Ä–∞–Ω—Ç–∏–Ω–µ: –æ—Ç —à—Ç—Ä–∞—Ñ–æ–≤ –¥–æ –Ω–æ–∫–∞—É—Ç–æ–≤,2020-04-22T12:02:43Z,–ù–∞–≤–∞–ª—å–Ω—ã–π LIVE,261602,25526,507,2995
101,ojSLmdWsfb8,–ü—Ä–∞–≤–∏—Ç–µ–ª—å—Å—Ç–≤–æ –ú–∏—à—É—Å—Ç–∏–Ω–∞ ‚Äî –≤ –æ—Ç—Å—Ç–∞–≤–∫—É!,2020-04-22T08:55:27Z,–ù–∞–≤–∞–ª—å–Ω—ã–π LIVE,617807,34844,990,3725
102,wgyX2QPVcVA,üî• –ì—Ä–µ—Ñ –∏ –ó–∞–¥–æ—Ä–Ω–æ–≤ –ø—Ä–æ –ø–æ–º–æ—â—å —Ä–æ—Å—Å–∏—è–Ω–∞–º. –û–±–≤–∞–ª —Ü–µ–Ω –Ω–∞ –Ω–µ—Ñ—Ç—å. –†–µ–π—Ç–∏–Ω–≥ —Å–≤–æ–±–æ–¥—ã –ø—Ä–µ—Å—Å—ã,2020-04-21T20:26:32Z,–ù–∞–≤–∞–ª—å–Ω—ã–π LIVE,456302,32930,655,2838
103,SJg7_vR59IQ,–í–∏–Ω–æ–≤–∞—Ç—ã –≤—Ä–∞—á–∏. –í–∏–Ω–æ–≤–∞—Ç—ã –º–æ—Å–∫–≤–∏—á–∏. –í–∏–Ω–æ–≤–∞—Ç—ã –≤—Å–µ,2020-04-21T12:00:05Z,–ù–∞–≤–∞–ª—å–Ω—ã–π LIVE,289480,24417,377,1836
104,zRtTJS-QAOs,üî• –¢—Ä–µ–±–æ–≤–∞–Ω–∏—è –ø–æ–º–æ—á—å –ª—é–¥—è–º –≤ –∫—Ä–∏–∑–∏—Å. –ü—Ä–æ—Ç–µ—Å—Ç—ã –∏–∑-–∑–∞ —Å–∞–º–æ–∏–∑–æ–ª—è—Ü–∏–∏. –ü—Ä–∏–≥–æ–≤–æ—Ä –ö–æ—Ç–æ–≤—É,2020-04-20T20:25:00Z,–ù–∞–≤–∞–ª—å–Ω—ã–π LIVE,310313,26076,357,2646
105,6ehqh94kWZU,–ù–∞–≤–∞–ª—å–Ω—ã–π: –£—Ç–∫–∏–Ω –ø—Ä–æ—Ç–∏–≤ –°–æ–ª–æ–≤—å–µ–≤–∞,2020-04-20T09:55:51Z,–ù–∞–≤–∞–ª—å–Ω—ã–π LIVE,1225779,58898,2182,5203
106,1E3R89dRCwA,–ù–∞–≤–∞–ª—å–Ω—ã–π –æ –ø—Ä–æ–∏–∑–≤–æ–ª–µ –ø–æ–ª–∏—Ü–µ–π—Å–∫–∏—Ö –≤–æ –≤—Ä–µ–º—è —ç–ø–∏–¥–µ–º–∏–∏,2020-04-19T11:57:17Z,–ù–∞–≤–∞–ª—å–Ω—ã–π LIVE,323241,38328,516,6896
107,fBHzgjBG_z8,–ö—É–¥—Ä–∏–Ω –∏ –∏–∑—ä—è—Ç–∏–µ –≤–∫–ª–∞–¥–æ–≤,2020-04-18T12:58:39Z,–ù–∞–≤–∞–ª—å–Ω—ã–π LIVE,708149,30742,1119,4049
108,cNB7nf-yU3c,üî• –î–æ–∫—É–º–µ–Ω—Ç—ã –¥–ª—è –≤—ã—Ö–æ–¥–∞ –∏–∑ –¥–æ–º–∞. –ì—É–±–µ—Ä–Ω–∞—Ç–æ—Ä—ã –ø—Ä–æ—Ç–∏–≤ –ø–æ–ª–∏–≥–æ–Ω–∞ –≤ –®–∏–µ—Å–µ. –í–æ–ª–æ–¥–∏–Ω –∏ –∞–º–µ—Ä–∏–∫–∞–Ω—Å–∫–∏–µ —Å–æ—Ü—Å–µ—Ç–∏,2020-04-17T22:09:41Z,–ù–∞–≤–∞–ª—å–Ω—ã–π LIVE,244284,18347,389,1793
109,HNuOl77JGKQ,"–£—Ç–∫–∏–Ω –ø—Ä–æ—Ç–∏–≤ –°–æ–ª–æ–≤—å–µ–≤–∞, –Ω–µ–≥–æ–¥—è–∏ –∏–∑ –ø–æ–ª–∏—Ü–∏–∏, –∫–æ—à–º–∞—Ä –≤ –º–µ—Ç—Ä–æ",2020-04-16T19:52:56Z,–ù–∞–≤–∞–ª—å–Ω—ã–π LIVE,1904681,139205,2600,17494
110,znFk6ggeANM,–ö–∞–∫ —Ä–∞–∑–Ω—ã–µ —Å—Ç—Ä–∞–Ω—ã –ø–æ–º–æ–≥–∞—é—Ç —Å–≤–æ–∏–º –∂–∏—Ç–µ–ª—è–º –∏ –±–∏–∑–Ω–µ—Å—É,2020-04-16T11:29:17Z,–ù–∞–≤–∞–ª—å–Ω—ã–π LIVE,203186,19964,472,2490
111,f0VcqIfvpGM,üî• –ß–µ—Ç–≤–µ—Ä—Ç–æ–µ –æ–±—Ä–∞—â–µ–Ω–∏–µ –ü—É—Ç–∏–Ω–∞. –≠–ø–∏–¥–µ–º–∏—è –∏ –æ—á–µ—Ä–µ–¥–∏ –≤ –º–µ—Ç—Ä–æ. –ë–æ—Ä–¥—é—Ä–æ–≤ –ø–æ–∫–∞ –Ω–µ –±—É–¥–µ—Ç,2020-04-15T20:07:40Z,–ù–∞–≤–∞–ª—å–Ω—ã–π LIVE,507192,37210,756,3368
112,st7-cD8aWG0,–ù–∞–±–∏—É–ª–ª–∏–Ω–∞ ‚Äî –∑–ª–æ–π –≥–µ–Ω–∏–π –∫—Ä–∏–∑–∏—Å–∞?,2020-04-15T14:16:12Z,–ù–∞–≤–∞–ª—å–Ω—ã–π LIVE,552886,25400,661,2722
113,NHuTDPP_3L4,üî• –¶–µ–Ω–∞ –Ω–∞ –Ω–µ—Ñ—Ç—å —Å–Ω–æ–≤–∞ —É–ø–∞–ª–∞. –ü—É—Ç–∏–Ω –≤—ã—Ä–∞–∂–∞–µ—Ç –∏–Ω—Ç–µ—Ä–µ—Å—ã –æ–ª–∏–≥–∞—Ä—Ö–æ–≤. –°–±–æ—Ä –ø–æ–¥–ø–∏—Å–µ–π —á–µ—Ä–µ–∑ –ì–æ—Å—É—Å–ª—É–≥–∏,2020-04-14T21:09:14Z,–ù–∞–≤–∞–ª—å–Ω—ã–π LIVE,458576,29380,593,3083
114,eVStAtjKj9w,–ú–∏–ª–æ–≤: —á—Ç–æ –±—É–¥–µ—Ç —Å —Ä—É–±–ª–µ–º –∏ –Ω–µ—Ñ—Ç—å—é,2020-04-14T09:55:50Z,–ù–∞–≤–∞–ª—å–Ω—ã–π LIVE,119177,6981,201,598
115,VsYjJBLDqME,üî• –ö–∞–∫ –≥–æ—Å—É–¥–∞—Ä—Å—Ç–≤–æ –¥–æ–ª–∂–Ω–æ –ø–æ–º–æ–≥–∞—Ç—å –≤ –∫—Ä–∏–∑–∏—Å. –ì—É–±–µ—Ä–Ω–∞—Ç–æ—Ä –∏ –ø–æ–≥–æ—Ä–µ–ª—å—Ü—ã. –ù–æ–≤—ã–µ –ø–æ—Ä—è–¥–∫–∏ –≤ ¬´–í–µ–¥–æ–º–æ—Å—Ç—è—Ö¬ª,2020-04-13T20:48:32Z,–ù–∞–≤–∞–ª—å–Ω—ã–π LIVE,222577,17473,357,2140
116,ZiPCcBDyn0M,‚ö°Ô∏è –ö–∞–∫ –°–∏–º–æ–Ω—å—è–Ω —Ä–∞—Å–∫—Ä—ã–ª–∞ —Å–ø–æ—Å–æ–± –Ω–∞–∫—Ä—É—Ç–∫–∏ –ø—Ä–æ—Å–º–æ—Ç—Ä–æ–≤ –Ω–∞ RT,2020-04-13T14:00:15Z,–ù–∞–≤–∞–ª—å–Ω—ã–π LIVE,704887,78286,1497,8893
117,GVaHkugVzho,"–ù–∞–≤–∞–ª—å–Ω—ã–π: –ø–æ–ª–∏—Ü–µ–π—Å–∫–∏–µ —Å—á–∞—Å—Ç–ª–∏–≤—ã, –ø–æ—Ç–æ–º—É —á—Ç–æ –∏–º —Ä–∞–∑—Ä–µ—à–∏–ª–∏ –≤—Å–µ",2020-04-13T07:55:37Z,–ù–∞–≤–∞–ª—å–Ω—ã–π LIVE,457448,45941,801,7523
118,FO7edplxc44,–ú–∏–ª–æ–≤: –∫–∞–∫ —É –Ω–∞—Å —É–∫—Ä–∞–ª–∏ ¬´–†–æ—Å–Ω–µ—Ñ—Ç—å¬ª,2020-04-12T11:55:09Z,–ù–∞–≤–∞–ª—å–Ω—ã–π LIVE,115488,7679,141,754
119,i3agONwzmLA,"–ù–∞–≤–∞–ª—å–Ω—ã–π –æ —Ç–æ–º, –∫–∞–∫ –ú–ò–î –ø—Ä–µ–¥–∞–ª –∏ –±—Ä–æ—Å–∏–ª –≥—Ä–∞–∂–¥–∞–Ω –†–æ—Å—Å–∏–∏",2020-04-12T09:59:13Z,–ù–∞–≤–∞–ª—å–Ω—ã–π LIVE,485946,21706,945,4241
120,tG5WoaqSL2g,"–û–ü–ï–ö, –Ω–µ—Ñ—Ç—å, –∫—Ä–∏–∑–∏—Å",2020-04-11T16:55:25Z,–ù–∞–≤–∞–ª—å–Ω—ã–π LIVE,488805,23271,606,2948
121,0LEWsnV6Pm8,–ù–∞–≤–∞–ª—å–Ω—ã–π: –ü—É—Ç–∏–Ω —Å–±–µ–∂–∞–ª –∏ –ø—Ä–µ–¥–∞–ª –Ω–∞—Å,2020-04-11T09:57:27Z,–ù–∞–≤–∞–ª—å–Ω—ã–π LIVE,1931600,87922,8071,15333
122,2eSrXPtmnmQ,üî• –°–æ–±—è–Ω–∏–Ω –≤–≤–µ–ª –ø—Ä–æ–ø—É—Å–∫–Ω–æ–π —Ä–µ–∂–∏–º. –ù–æ–≤—ã–µ –ø–∞—Ä—Ç–∏–∏. –ü–µ—Å–∫–æ–≤ –∏ –µ–≥–æ ¬´–±–ª–æ–∫–∞—Ç–æ—Ä –≤–∏—Ä—É—Å–æ–≤¬ª,2020-04-10T21:15:23Z,–ù–∞–≤–∞–ª—å–Ω—ã–π LIVE,536675,30354,980,3717
123,O52ctZLEpaw,"–î–µ–¥ —Å–ø—Ä—è—Ç–∞–ª—Å—è, –ò–∏—Å—É—Å –≤ –ø–æ–ª–∏—Ü–∏–∏, –°–æ–±—è–Ω–∏–Ω –Ω–µ —Ç—Ä–µ—Å–Ω–µ—Ç",2020-04-09T19:40:40Z,–ù–∞–≤–∞–ª—å–Ω—ã–π LIVE,1626355,107357,2269,12714
124,sgFz7YgQ1xk,üî• –ù–æ–≤–æ–µ –æ–±—Ä–∞—â–µ–Ω–∏–µ –ü—É—Ç–∏–Ω–∞. –ú–µ–¥–≤–µ–¥–µ–≤ –∏ –¥–∞—á–∞ –Ω–∞ –æ—Å—Ç—Ä–æ–≤–µ. 16 –º–∏–ª–ª–∏–∞—Ä–¥–æ–≤ –Ω–∞ –±–æ—Ä–¥—é—Ä—ã,2020-04-08T19:38:12Z,–ù–∞–≤–∞–ª—å–Ω—ã–π LIVE,686119,46492,1099,5373
125,4ZisjwdCCFQ,"üî• –ù–µ—Ñ—Ç—å –ø–æ–¥–µ—à–µ–≤–µ–ª–∞, –∞ –±–µ–Ω–∑–∏–Ω –Ω–µ—Ç. –°–æ—Ü–∏–∞–ª—å–Ω–æ-–∑–Ω–∞—á–∏–º—ã–µ —Å–∞–π—Ç—ã. –ú–∏–ª–ª–∏–∞—Ä–¥—ã –Ω–∞ –±–æ—Ä–¥—é—Ä—ã",2020-04-07T19:44:33Z,–ù–∞–≤–∞–ª—å–Ω—ã–π LIVE,402052,33085,577,3757
126,rcF0w2ZvtZU,–ë–æ—Ä—å–±–∞ —Å —ç–ø–∏–¥–µ–º–∏–µ–π –∏ –¥—É—Ä–æ—Å—Ç—å –≤–ª–∞—Å—Ç–µ–π,2020-04-07T12:00:32Z,–ù–∞–≤–∞–ª—å–Ω—ã–π LIVE,366155,34788,765,3968
127,xqQPx03EHRc,"üî•¬´–¢—É—á–Ω—ã–µ –≤—Ä–µ–º–µ–Ω–∞¬ª –ø—Ä–æ—à–ª–∏. –ö–æ–Ω—Å—Ç–∏—Ç—É—Ü–∏–æ–Ω–Ω—ã–π –ø–µ—Ä–µ–≤–æ—Ä–æ—Ç. –ú–∞—Å–∫–∏, –ø–æ–º–æ—â—å –±–∏–∑–Ω–µ—Å—É –∏ –≤—ã–≤–æ–∑–Ω—ã–µ —Ä–µ–π—Å—ã",2020-04-06T22:15:12Z,–ù–∞–≤–∞–ª—å–Ω—ã–π LIVE,279456,18520,666,2085
128,qUO2L5Hw8-A,–õ—é–±–æ–≤—å –°–æ–±–æ–ª—å: ¬´–ø–æ–≤–∞—Ä –ü—É—Ç–∏–Ω–∞¬ª –ø–æ–¥–∞–ª –Ω–∞ –º–µ–Ω—è –≤ —Å—É–¥,2020-04-06T12:00:04Z,–ù–∞–≤–∞–ª—å–Ω—ã–π LIVE,388478,35938,1040,5154
129,TMMqtj9GEAU,"–ù–∞–≤–∞–ª—å–Ω—ã–π –æ —Ç–æ–º, –∫–∞–∫ –ü—É—Ç–∏–Ω –ø—Ä–µ–¥–∞–ª —Ä–æ—Å—Å–∏–π—Å–∫–∏—Ö –≥—Ä–∞–∂–¥–∞–Ω",2020-04-05T11:56:41Z,–ù–∞–≤–∞–ª—å–Ω—ã–π LIVE,3334769,155258,14503,29413
130,7fIw__OEy4Y,–ù–∞–≤–∞–ª—å–Ω—ã–π: –∫—Ç–æ —É—Å—Ç—Ä–æ–∏–ª —à–∞—à–ª—ã–∫–∏?,2020-04-04T09:54:08Z,–ù–∞–≤–∞–ª—å–Ω—ã–π LIVE,801027,34745,1387,4412
131,lHgmDtaa6wM,–ù–∞–≤–∞–ª—å–Ω—ã–π: –ü—É—Ç–∏–Ω –¥–æ–ª–∂–µ–Ω —É–π—Ç–∏ –Ω–∞ –∫–∞—Ä–∞–Ω—Ç–∏–Ω,2020-04-03T11:17:22Z,–ù–∞–≤–∞–ª—å–Ω—ã–π LIVE,1162134,56716,3377,8312
132,7byIiCXMl-Q,"–ü–ª–∞–Ω –ü—É—Ç–∏–Ω–∞ ‚Äî –ø—Ä–æ–≤–∞–ª, –ø—Ä–µ–¥–∞—Ç–µ–ª—å—Å—Ç–≤–æ –≥—Ä–∞–∂–¥–∞–Ω, –¥–∞–π—Ç–µ –¥–µ–Ω–µ–≥ –ª—é–¥—è–º",2020-04-02T19:26:24Z,–ù–∞–≤–∞–ª—å–Ω—ã–π LIVE,2754335,164717,3745,19444
133,mONk-y2HCCI,"‚ö°Ô∏è–°–∏–º–æ–Ω—å—è–Ω, –ª–æ–∂—å –∏ –±–æ—Ç—ã ¬´–¥–ª—è –≤–∑—Ä–æ—Å–ª—ã—Ö¬ª. –ö–∞–∫ RT –Ω–∞–∫—Ä—É—á–∏–≤–∞–µ—Ç –ø—Ä–æ—Å–º–æ—Ç—Ä—ã",2020-04-02T09:20:26Z,–ù–∞–≤–∞–ª—å–Ω—ã–π LIVE,908379,78108,2006,12902
134,O8i6WQ_zxPE,"–ì–∞–∑–º–∞–Ω–æ–≤, –ú–∞—à–∫–æ–≤, –ë–µ–∑—Ä—É–∫–æ–≤: –æ–ø–µ—Ä–∞—Ü–∏—è ¬´–û–±–Ω—É–ª–µ–Ω–∏–µ¬ª",2020-04-01T10:30:12Z,–ù–∞–≤–∞–ª—å–Ω—ã–π LIVE,475853,37790,694,4727
135,EYzrieUKknQ,¬´–§–µ–π–∫ –≤—Å–µ–º–∏—Ä–Ω–æ–≥–æ –º–∞—Å—à—Ç–∞–±–∞¬ª: –∫–∞–∫ –≤–ª–∞—Å—Ç–∏ –≤—Ä–∞–ª–∏ –ø—Ä–æ –∫–æ—Ä–æ–Ω–∞–≤–∏—Ä—É—Å,2020-03-31T14:46:28Z,–ù–∞–≤–∞–ª—å–Ω—ã–π LIVE,871479,31897,3258,4117
136,mzI-ueIbbuY,"–ù–∞–≤–∞–ª—å–Ω—ã–π –æ —Ç–æ–º, –∫–∞–∫ –∞–∫—Ç–µ—Ä—ã –∏ –ø–µ–≤—Ü—ã ¬´–æ–±–Ω—É–ª—è—é—Ç¬ª –ü—É—Ç–∏–Ω–∞",2020-03-30T09:55:36Z,–ù–∞–≤–∞–ª—å–Ω—ã–π LIVE,900531,46691,1064,6087
137,UwbpHlP489Q,–ù–∞–≤–∞–ª—å–Ω—ã–π: —Å—Ç—Ä–∞–Ω–∞ –Ω–µ –≥–æ—Ç–æ–≤–∞ –∫ —ç–ø–∏–¥–µ–º–∏–∏,2020-03-28T09:58:07Z,–ù–∞–≤–∞–ª—å–Ω—ã–π LIVE,1989804,79764,6895,13841
138,q7eusZdrecM,–ú–∏–ª–æ–≤ –æ –ü—É—Ç–∏–Ω–µ –∏ –Ω–∞–ª–æ–≥–µ –Ω–∞ –≤–∫–ª–∞–¥—ã,2020-03-27T11:57:20Z,–ù–∞–≤–∞–ª—å–Ω—ã–π LIVE,266772,11576,412,1736
139,QZJiSphrkfU,–ü—É—Ç–∏–Ω vs —ç–ø–∏–¥–µ–º–∏—è. –ü—Ä–æ–¥–∞–∂–Ω—ã–µ –∞—Ä—Ç–∏—Å—Ç—ã –∑–∞ –ø–æ–ø—Ä–∞–≤–∫–∏. –ù–∞–≤–∫–∞ –ø–ª–∞—Ç–∏—Ç –≤–∑—è—Ç–∫—É,2020-03-26T18:55:42Z,–ù–∞–≤–∞–ª—å–Ω—ã–π LIVE,1120338,74422,1388,6686
140,zKlo0C6vP1E,–ö–æ—Ä–æ–Ω–∞–≤–∏—Ä—É—Å: —ç–∫–æ–Ω–æ–º–∏–∫–∞ —Ä—É—Ö–Ω–µ—Ç?,2020-03-26T15:03:41Z,–ù–∞–≤–∞–ª—å–Ω—ã–π LIVE,492978,25493,932,3028
141,O5KvFItIUe0,¬´–û—Å—Ç–∞–ª–∏—Å—å –æ–¥–Ω–∏ –æ–±–ª–æ–º–∫–∏¬ª: –∫–∞–∫ –°–æ–±—è–Ω–∏–Ω —É–Ω–∏—á—Ç–æ–∂–∞–µ—Ç –ú–æ—Å–∫–≤—É,2020-03-24T07:40:12Z,–ù–∞–≤–∞–ª—å–Ω—ã–π LIVE,256912,20742,537,2610
142,cgNrbuVPGTw,"–ù–∞–≤–∞–ª—å–Ω—ã–π –æ —Ç–æ–º, –∫–∞–∫ –ü—É—Ç–∏–Ω–∞ –∫–æ—Ä–æ–±—è—Ç –≥–∏–≥–∞–Ω—Ç—Å–∫–∏–µ –∑–∞—Ä–ø–ª–∞—Ç—ã –≥–ª–∞–≤ –≥–æ—Å–∫–æ—Ä–ø–æ—Ä–∞—Ü–∏–π",2020-03-23T12:00:45Z,–ù–∞–≤–∞–ª—å–Ω—ã–π LIVE,286374,17875,277,2132
143,PRDw60434hs,–ì—É—Ä–∏–µ–≤ –∏ –ú–∏–ª–æ–≤ –æ –∫—Ä–∏–∑–∏—Å–µ –∏ –∫–æ—Ä–æ–Ω–∞–≤–∏—Ä—É—Å–µ: —Å–ø–µ—Ü–≤—ã–ø—É—Å–∫,2020-03-23T09:00:24Z,–ù–∞–≤–∞–ª—å–Ω—ã–π LIVE,779938,39202,784,2866
144,gSwGJVmCkwc,–ú–∏–ª–æ–≤: –∫—Ç–æ —Å–æ–¥–µ—Ä–∂–∏—Ç –±—é–¥–∂–µ—Ç ‚Äî –º—ã –∏–ª–∏ –Ω–µ—Ñ—Ç—è–Ω–∏–∫–∏?,2020-03-22T12:16:20Z,–ù–∞–≤–∞–ª—å–Ω—ã–π LIVE,69931,6061,61,533
145,Ze9TidOiX34,–ù–∞–≤–∞–ª—å–Ω—ã–π –æ —Å—Ä–µ–¥–Ω–µ–º –∫–ª–∞—Å—Å–µ –ø–æ –≤–µ—Ä—Å–∏–∏ –ü—É—Ç–∏–Ω–∞,2020-03-21T09:56:47Z,–ù–∞–≤–∞–ª—å–Ω—ã–π LIVE,321818,22653,341,3245
146,vsNpco_o9vA,"üî• –ü–∞–º—Ñ–∏–ª–æ–≤–∞, —Å—Ç–µ—Ä–≤—è—Ç–Ω–∏–∫–∏ –∏ –≤–æ–ª—è –ü—É—Ç–∏–Ω–∞. –ò–Ω—Ç–µ—Ä–≤—å—é –ü—É—Ç–∏–Ω–∞ –¢–ê–°–°. –ü–∞—Ä—Ç–∏—è –ø–ª–µ–º—è–Ω–Ω–∏–∫–∞ –ü—É—Ç–∏–Ω–∞",2020-03-20T21:04:42Z,–ù–∞–≤–∞–ª—å–Ω—ã–π LIVE,222009,19377,282,2574
147,YFLymsiyzxU,–ú–∏–ª–æ–≤ –æ –∫–æ—Ä–æ–Ω–∞–≤–∏—Ä—É—Å–µ: –ø–æ—á–µ–º—É –æ–ø–∞—Å–Ω–æ—Å—Ç—å —Ä–µ–∞–ª—å–Ω–∞,2020-03-20T11:53:30Z,–ù–∞–≤–∞–ª—å–Ω—ã–π LIVE,123327,7428,346,1074
148,MTgOIHTIxi4,"–õ–æ–∂—å –æ –∫–æ—Ä–æ–Ω–∞–≤–∏—Ä—É—Å–µ, –ø—É—Ç–∏–Ω—Å–∫–∏–π —Å—Ä–µ–¥–Ω–∏–π –∫–ª–∞—Å—Å, 22 –∞–ø—Ä–µ–ª—è –∑–∞—Ä–∞–∑—è—Ç –ø–µ–Ω—Å–∏–æ–Ω–µ—Ä–æ–≤",2020-03-19T18:48:53Z,–ù–∞–≤–∞–ª—å–Ω—ã–π LIVE,2264296,98852,3936,10898
149,W9coPJtev84,"–ö–æ—Ä–æ–Ω–∞–≤–∏—Ä—É—Å, –∫—Ä–∏–∑–∏—Å –∏ —Ä–æ—Å—Ç –Ω–∞–ª–æ–≥–æ–≤",2020-03-19T14:35:04Z,–ù–∞–≤–∞–ª—å–Ω—ã–π LIVE,275234,15603,479,907
150,Hm7AYEvIra4,üî• –ü—É—Ç–∏–Ω –∏ —Å—Ä–µ–¥–Ω–∏–π –∫–ª–∞—Å—Å. –î–µ–ø—É—Ç–∞—Ç –ø—Ä–æ –æ–±–Ω—É–ª–µ–Ω–∏–µ —Å—Ä–æ–∫–æ–≤. –ù–µ—Ñ—Ç—å –ø–æ 26 –¥–æ–ª–ª–∞—Ä–æ–≤,2020-03-18T20:22:51Z,–ù–∞–≤–∞–ª—å–Ω—ã–π LIVE,350777,30273,409,4058
151,FWdzr2hzmLo,¬´–û–±–Ω—É–ª–µ–Ω–∏–µ¬ª –ü—É—Ç–∏–Ω–∞. –ß—Ç–æ –¥—É–º–∞—é—Ç –ª—é–¥–∏,2020-03-18T14:10:55Z,–ù–∞–≤–∞–ª—å–Ω—ã–π LIVE,2830899,111499,3693,18141
152,AlE6ENmtG2k,–ö–∞–∫ –§–ë–ö –ø–æ–º–æ–≥ –≤–µ—Ä–Ω—É—Ç—å –≤ –±—é–¥–∂–µ—Ç –º–∏–ª–ª–∏–∞—Ä–¥,2020-03-18T08:00:06Z,–ù–∞–≤–∞–ª—å–Ω—ã–π LIVE,167624,22472,138,1626
153,Lz-EFmnkGRg,üî• –ü—É—Ç–∏–Ω –ø—Ä–æ –æ–ø–ø–æ–∑–∏—Ü–∏—é: –∑–∞—è–≤–ª–µ–Ω–∏—è –∏ —Ä–µ–∞–ª—å–Ω–æ—Å—Ç—å. –û—Ç—Å—Ç–∞–≤–∫–∞ –ì–æ—Ä–±—É–Ω–æ–≤–∞,2020-03-17T18:48:37Z,–ù–∞–≤–∞–ª—å–Ω—ã–π LIVE,159290,13568,220,1298
154,1gfw56ADWqc,–≠—Ç–æ —Å—Ç—ã–¥–Ω–æ —Å–º–æ—Ç—Ä–µ—Ç—å. –ü–∏–ª–æ—Ä–∞–º–∞ –ö–µ–æ—Å–∞—è–Ω–∞,2020-03-17T14:00:32Z,–ù–∞–≤–∞–ª—å–Ω—ã–π LIVE,447674,30190,2062,3593
155,OW56HmLV-zo,–õ—é–±–æ–≤—å –°–æ–±–æ–ª—å –æ–±—ä—è–≤–∏–ª–∞ –æ –≤—ã–¥–≤–∏–∂–µ–Ω–∏–∏ –≤ –ì–æ—Å–¥—É–º—É,2020-03-17T08:29:45Z,–ù–∞–≤–∞–ª—å–Ω—ã–π LIVE,412699,46915,1648,7974
156,FOFXGCI9mrM,üî• –ö–æ–Ω—Å—Ç–∏—Ç—É—Ü–∏–æ–Ω–Ω—ã–π —Å—É–¥ –æ–¥–æ–±—Ä–∏–ª –æ–±–Ω—É–ª–µ–Ω–∏–µ —Å—Ä–æ–∫–æ–≤. –ë–æ–ª—å–Ω–∏—Ü—ã –æ—Ç —Ü–∞—Ä—è-–±–∞—Ç—é—à–∫–∏. –†–æ—Ç–µ–Ω–±–µ—Ä–≥ ‚Äî –ì–µ—Ä–æ–π –¢—Ä—É–¥–∞,2020-03-16T20:49:33Z,–ù–∞–≤–∞–ª—å–Ω—ã–π LIVE,309831,24820,503,3209
157,R9_9V6zJWaE,–ù–∞–≤–∞–ª—å–Ω—ã–π –æ –≥–ª–∞–≤–µ —Ñ–æ–Ω–¥–∞ ¬´–Ø–Ω–¥–µ–∫—Å–∞¬ª –ï–ª–µ–Ω–µ –®–º–µ–ª–µ–≤–æ–π,2020-03-15T11:56:33Z,–ù–∞–≤–∞–ª—å–Ω—ã–π LIVE,134342,9070,177,1075
158,CCDfr70jW0s,–ú–∏–ª–æ–≤: –∑–∞ —É—â–µ—Ä–± –ø—Ä–∏—Ä–æ–¥–µ –æ–ª–∏–≥–∞—Ä—Ö–∏ –ø–ª–∞—Ç—è—Ç –Ω–æ–ª—å,2020-03-14T12:02:07Z,–ù–∞–≤–∞–ª—å–Ω—ã–π LIVE,36908,3661,46,317
159,LqSzySCL5JQ,–ù–∞–≤–∞–ª—å–Ω—ã–π –æ –Ω–æ–≤–æ–º —Ä–∞—Å—Å–ª–µ–¥–æ–≤–∞–Ω–∏–∏ ¬´–ü–∞—Ä–∞–∑–∏—Ç—ã¬ª –∏ –æ —Ä–µ–∞–∫—Ü–∏–∏ —à–µ—Ñ-—Ä–µ–¥–∞–∫—Ç–æ—Ä–∞ RT,2020-03-14T09:56:30Z,–ù–∞–≤–∞–ª—å–Ω—ã–π LIVE,441602,29961,546,3467
160,907xw526Fgk,"–û–±–Ω—É–ª–µ–Ω–∏–µ —Å—Ä–æ–∫–æ–≤ –ü—É—Ç–∏–Ω–∞, –°–∏–º–æ–Ω—å—è–Ω –∏ –ö–µ–æ—Å–∞—è–Ω, ¬´–Ø–Ω–¥–µ–∫—Å¬ª –ø–æ–¥ –≤–ª–∞—Å—Ç—å—é",2020-03-12T19:20:58Z,–ù–∞–≤–∞–ª—å–Ω—ã–π LIVE,2013864,110230,2556,13386
161,69Ls_YTyn7E,–ü–æ–¥–¥–µ—Ä–∂–∏—Ç–µ –Ω–∞—à—É —Ä–∞–±–æ—Ç—É! –°—Ç–∞–Ω–æ–≤–∏—Ç–µ—Å—å —Å–ø–æ–Ω—Å–æ—Ä–∞–º–∏ –∫–∞–Ω–∞–ª–∞ ¬´–ù–∞–≤–∞–ª—å–Ω—ã–π LIVE¬ª,2020-03-12T14:45:11Z,–ù–∞–≤–∞–ª—å–Ω—ã–π LIVE,87075,11098,218,1394
162,QBIy9Zt_a7o,–û–±–≤–∞–ª –Ω–µ—Ñ—Ç–∏ –∏ —Ä—É–±–ª—è: —á—Ç–æ –¥–∞–ª—å—à–µ?,2020-03-12T14:28:11Z,–ù–∞–≤–∞–ª—å–Ω—ã–π LIVE,421612,21121,748,1473
163,9OEQRjrugNY,üî• –°–æ–≤–µ—Ç –§–µ–¥–µ—Ä–∞—Ü–∏–∏ –æ–¥–æ–±—Ä–∏–ª –ø–æ–ø—Ä–∞–≤–∫–∏. –¢–µ—Ä–µ—à–∫–æ–≤–∞ –∏ –æ–±–Ω—É–ª–µ–Ω–∏–µ —Å—Ä–æ–∫–æ–≤. –ù–æ–≤–æ—Å—Ç–∏ –ø–æ –¥–µ–ª—É –ì–æ–ª—É–Ω–æ–≤–∞,2020-03-11T20:42:35Z,–ù–∞–≤–∞–ª—å–Ω—ã–π LIVE,240674,19086,305,3182
164,I7bjmTS0eyo,–ö–∞–∫ –ü—É—Ç–∏–Ω –æ–±–∏–∂–∞–µ—Ç—Å—è –∏ –º—Å—Ç–∏—Ç –≤—Å–µ–º –≤–æ–∫—Ä—É–≥,2020-03-11T12:08:39Z,–ù–∞–≤–∞–ª—å–Ω—ã–π LIVE,2107645,101483,4131,8457
165,rwtc2Fvf_L0,"‚ö°Ô∏è–ù–µ—Ñ—Ç—å, —Ä—É–±–ª—å, –ø–∞–Ω–∏–∫–∞: —á—Ç–æ –ø—Ä–æ–∏—Å—Ö–æ–¥–∏—Ç?",2020-03-11T07:00:20Z,–ù–∞–≤–∞–ª—å–Ω—ã–π LIVE,504668,28364,784,2459
166,J63vAXh8l7A,üî• –ü—É—Ç–∏–Ω—É –æ–±–Ω—É–ª—è—Ç —Å—Ä–æ–∫–∏. –î–æ–ª–ª–∞—Ä –ø–æ 72. –ú–∏–ª–ª–∏–æ–Ω—ã –°–∏–º–æ–Ω—å—è–Ω,2020-03-10T20:55:51Z,–ù–∞–≤–∞–ª—å–Ω—ã–π LIVE,787016,52959,1271,8549
167,wNoo5zAvlX4,"–ù–∞–≤–∞–ª—å–Ω—ã–π –æ –º–∏–≥—Ä–∞–Ω—Ç–µ, –∑–∞–¥–µ—Ä–∂–∞–Ω–Ω–æ–º –ø–æ—Å–ª–µ –≤–∑—Ä—ã–≤–∞ –≤ –ú–∞–≥–Ω–∏—Ç–æ–≥–æ—Ä—Å–∫–µ",2020-03-09T09:55:37Z,–ù–∞–≤–∞–ª—å–Ω—ã–π LIVE,147948,9096,518,899
168,UQ0lvt3Wyjs,–ù–∞–≤–∞–ª—å–Ω—ã–π –æ —Å–ª–æ–≤–∞—Ö –ü—É—Ç–∏–Ω–∞ –ø—Ä–æ —á–µ—Ä—Ç—É –±–µ–¥–Ω–æ—Å—Ç–∏,2020-03-08T11:55:51Z,–ù–∞–≤–∞–ª—å–Ω—ã–π LIVE,274693,17200,309,2143
169,fLyExPtLVX0,–ù–∞–≤–∞–ª—å–Ω—ã–π –æ –±–ª–æ–∫–∏—Ä–æ–≤–∫–µ —Å—á–µ—Ç–æ–≤ –µ–≥–æ —Å–µ–º—å–∏,2020-03-07T09:55:30Z,–ù–∞–≤–∞–ª—å–Ω—ã–π LIVE,84314,6987,227,1218
170,F53lUKCxug8,üî• –ü—É—Ç–∏–Ω –∏ —Å–º–µ–Ω—è–µ–º–æ—Å—Ç—å –≤–ª–∞—Å—Ç–∏. –ò–Ω–æ—Å—Ç—Ä–∞–Ω–Ω–∞—è –Ω–µ–¥–≤–∏–∂–∏–º–æ—Å—Ç—å —á–∏–Ω–æ–≤–Ω–∏–∫–æ–≤. –ù–∏–∑–∫–∏–π —É—Ä–æ–≤–µ–Ω—å –æ–±—Ä–∞–∑–æ–≤–∞–Ω–∏—è,2020-03-06T19:36:53Z,–ù–∞–≤–∞–ª—å–Ω—ã–π LIVE,172804,14303,405,1934
171,WDirZ75ut84,"–ó–∞—á–µ–º –≤—Ä—É—Ç –æ –∫–æ—Ä–æ–Ω–∞–≤–∏—Ä—É—Å–µ, –∫–∞–∫ —É–∑–±–µ–∫ —Ä–∞–∑–æ–±–ª–∞—á–∏–ª –§–°–ë, –±–æ–≥ –≤ –ö–æ–Ω—Å—Ç–∏—Ç—É—Ü–∏–∏",2020-03-05T18:43:00Z,–ù–∞–≤–∞–ª—å–Ω—ã–π LIVE,1679688,75393,3016,8299
172,G3gsuM9Nm1s,–ü–æ—á–µ–º—É –¥–æ—Ä–æ–∂–∞—é—Ç –ª–µ–∫–∞—Ä—Å—Ç–≤–∞?,2020-03-05T14:31:15Z,–ù–∞–≤–∞–ª—å–Ω—ã–π LIVE,182401,10622,201,953
173,sN5fspOJ1IY,üî• –ü—É—Ç–∏–Ω –∏ —Å—Ç–∞–≥–Ω–∞—Ü–∏—è –¥–æ—Ö–æ–¥–æ–≤. –°—É–¥ –ø–æ –¥–µ–ª—É –ò–≤–∞–Ω–∞ –ñ–¥–∞–Ω–æ–≤–∞. –ú–∏—Ç–∏–Ω–≥ –∑–∞ –ø–æ–ø—Ä–∞–≤–∫–∏,2020-03-04T21:23:52Z,–ù–∞–≤–∞–ª—å–Ω—ã–π LIVE,138062,13808,180,1754
174,4eT1mL1Rv1s,–ù–æ–≤–∞—è –ó–µ–º–ª—è. –ó–¥–æ—Ä–æ–≤—å–µ –†—É—Å–ª–∞–Ω–∞ –®–∞–≤–µ–¥–¥–∏–Ω–æ–≤–∞ –ø–æ–¥ —É–≥—Ä–æ–∑–æ–π,2020-03-04T13:53:54Z,–ù–∞–≤–∞–ª—å–Ω—ã–π LIVE,144083,16626,246,1929
175,PQptBhnVris,"üî• –°–µ–º—å–µ –ù–∞–≤–∞–ª—å–Ω–æ–≥–æ –∑–∞–±–ª–æ–∫–∏—Ä–æ–≤–∞–ª–∏ —Å—á–µ—Ç–∞. –ü—É—Ç–∏–Ω –ø—Ä–æ –æ–ø–ø–æ–∑–∏—Ü–∏—é. –ü–æ–ø—Ä–∞–≤–∫–∏ –ø—Ä–æ –±–æ–≥–∞, –±—Ä–∞–∫ –∏ –°–°–°–†",2020-03-03T16:54:44Z,–ù–∞–≤–∞–ª—å–Ω—ã–π LIVE,203781,20539,429,2898
176,dp2YJr6O1BM,–†–∞–∑–Ω–∏—Ü–∞ –∑–∞—Ä–ø–ª–∞—Ç –≤ 500 —Ä–∞–∑? –õ–µ–≥–∫–æ! –°–∫–æ–ª—å–∫–æ –ø–æ–ª—É—á–∞—é—Ç –≥–ª–∞–≤—ã –≥–æ—Å–∫–æ–º–ø–∞–Ω–∏–π –∏ —Ä—è–¥–æ–≤—ã–µ —Ä–∞–±–æ—Ç–Ω–∏–∫–∏,2020-03-03T11:59:15Z,–ù–∞–≤–∞–ª—å–Ω—ã–π LIVE,363495,32040,247,2760
177,Xxmuav7UDxQ,üî• –°—Ç—Ä–∞—Ç–µ–≥–∏—è –ö—Ä–µ–º–ª—è –Ω–∞ –≤—ã–±–æ—Ä–∞—Ö –≤ –ì–æ—Å–¥—É–º—É. –û—Ç–º–µ–Ω–∞ –ø—Ä–∏–≥–æ–≤–æ—Ä–∞ –ö–æ—Ç–æ–≤—É. –¢—Ä–∏ –≥–æ–¥–∞ —Ñ–∏–ª—å–º—É ¬´–û–Ω –≤–∞–º –Ω–µ –î–∏–º–æ–Ω¬ª,2020-03-02T21:15:21Z,–ù–∞–≤–∞–ª—å–Ω—ã–π LIVE,114645,11111,197,1186
178,nEE_55YyXrw,–ù–∞–≤–∞–ª—å–Ω—ã–π –æ –ø–æ—Å–ª–µ–¥–Ω–∏—Ö –Ω–æ–≤–æ—Å—Ç—è—Ö –æ —Å–ª—É–∂–±–µ –†—É—Å–ª–∞–Ω–∞ –®–∞–≤–µ–¥–¥–∏–Ω–æ–≤–∞ –Ω–∞ –ù–æ–≤–æ–π –ó–µ–º–ª–µ,2020-03-01T11:55:40Z,–ù–∞–≤–∞–ª—å–Ω—ã–π LIVE,135923,7839,242,1464
179,DYK03gtgGRc,–ù–∞–≤–∞–ª—å–Ω—ã–π –æ –º–∞—Ç–µ—Ä–∏–∞–ª–µ ¬´–ú–µ–¥—É–∑—ã¬ª –æ —Ñ–∏–≥—É—Ä–∞–Ω—Ç–∞—Ö –¥–µ–ª–∞ ¬´–°–µ—Ç–∏¬ª,2020-02-29T09:56:25Z,–ù–∞–≤–∞–ª—å–Ω—ã–π LIVE,91920,6763,258,725
180,UJM9mDawUgQ,"–ö–æ—Ä–æ–Ω–∞–≤–∏—Ä—É—Å –≤ –†–æ—Å—Å–∏–∏, –ø—Ä–∏–≤–µ—Ç —Å –ù–æ–≤–æ–π –ó–µ–º–ª–∏, ¬´–ú–µ–¥—É–∑–∞¬ª –∏ ¬´–°–µ—Ç—å¬ª",2020-02-27T19:05:35Z,–ù–∞–≤–∞–ª—å–Ω—ã–π LIVE,1128487,67865,1744,7648
181,7SW8wcABXsM,–°–µ—á–∏–Ω—É –ø–æ–¥–∞—Ä–∏–ª–∏ 300 –º–ª—Ä–¥ —Ä—É–±–ª–µ–π,2020-02-27T14:25:53Z,–ù–∞–≤–∞–ª—å–Ω—ã–π LIVE,195743,13026,220,847
182,oY0UUVbUjLA,üî•–ü—É—Ç–∏–Ω –ø—Ä–æ –¥—É–±–∏–Ω–∫–∏ –∏ –º–∏—Ç–∏–Ω–≥–∏. –ü–µ—Ä–µ–∏–º–µ–Ω—É—é—Ç –ª–∏ ¬´–ï–¥–∏–Ω—É—é –†–æ—Å—Å–∏—é¬ª. –ì–æ–ª–æ—Å–æ–≤–∞–Ω–∏–µ –ø–æ –ö–æ–Ω—Å—Ç–∏—Ç—É—Ü–∏–∏ ‚Äî 22 –∞–ø—Ä–µ–ª—è,2020-02-26T21:05:30Z,–ù–∞–≤–∞–ª—å–Ω—ã–π LIVE,268290,22727,498,3273
183,mg-E7NLmIc0,–ü–æ–ª–∏—Ü–µ–π—Å–∫–∏–µ-–∏–∑–≤—Ä–∞—â–µ–Ω—Ü—ã —Ö–æ—Ç—è—Ç –ø–æ—Å–∞–¥–∏—Ç—å —Ö—É–¥–æ–∂–Ω–∏—Ü—É,2020-02-26T08:58:19Z,–ù–∞–≤–∞–ª—å–Ω—ã–π LIVE,158504,21528,634,3298
184,yTf9OUfwh0w,üî• –ì–æ–ª–æ—Å–æ–≤–∞–Ω–∏–µ –ø–æ –ö–æ–Ω—Å—Ç–∏—Ç—É—Ü–∏–∏. –ú–∏—à—É—Å—Ç–∏–Ω —É–≤–∏–¥–µ–ª –±–æ–ª—å–Ω–∏—Ü—É –∏ –∑–∞–≥—Ä—É—Å—Ç–∏–ª. –ú–∞—Ä—à –ù–µ–º—Ü–æ–≤–∞ –≤ –°–∞–Ω–∫—Ç-–ü–µ—Ç–µ—Ä–±—É—Ä–≥–µ,2020-02-25T17:59:14Z,–ù–∞–≤–∞–ª—å–Ω—ã–π LIVE,302923,23673,393,3155
185,g2ZnHM490_o,–ê–≥–µ–Ω—Ç –§–ë–ö. –ö–∞–∫ –≤ –ö—Ä–µ–º–ª–µ —Ä–µ—à–∏–ª–∏ –±–æ—Ä–æ—Ç—å—Å—è —Å —Ä–∞—Å—Å–ª–µ–¥–æ–≤–∞–Ω–∏—è–º–∏,2020-02-24T11:00:04Z,–ù–∞–≤–∞–ª—å–Ω—ã–π LIVE,342339,29441,576,3018
186,ksAy2Zs9flc,–ù–∞–≤–∞–ª—å–Ω—ã–π –æ —Ä–µ–∂–∏–º–µ ¬´—á–µ—Ä–Ω–æ–≥–æ –Ω–µ–±–∞¬ª –≤ –ö—Ä–∞—Å–Ω–æ—è—Ä—Å–∫–µ,2020-02-24T07:55:32Z,–ù–∞–≤–∞–ª—å–Ω—ã–π LIVE,106899,8486,163,1249
187,j1vB41eVG2g,"–ù–∞–≤–∞–ª—å–Ω—ã–π –æ –≤—Å—Ç—É–ø–ª–µ–Ω–∏–∏ –®–Ω—É—Ä–æ–≤–∞ –≤ ¬´–ü–∞—Ä—Ç–∏—é —Ä–æ—Å—Ç–∞¬ª –∏ –æ —Ç–æ–º, –∑–∞—á–µ–º —ç—Ç–æ –Ω—É–∂–Ω–æ –ö—Ä–µ–º–ª—é",2020-02-23T11:57:04Z,–ù–∞–≤–∞–ª—å–Ω—ã–π LIVE,211589,11044,247,1677
188,DeqrnMIYS4I,–ù–∞–≤–∞–ª—å–Ω—ã–π –æ –ø–æ—Å–ª–µ–¥–Ω–∏—Ö –Ω–æ–≤–æ—Å—Ç—è—Ö –æ –†—É—Å–ª–∞–Ω–µ –®–∞–≤–µ–¥–¥–∏–Ω–æ–≤–µ,2020-02-22T09:54:58Z,–ù–∞–≤–∞–ª—å–Ω—ã–π LIVE,116986,8608,94,924
189,56qOhAajvU8,"–û –∫–∞–Ω–¥–∏–¥–∞—Ç–µ –°–µ—Ä–≥–µ–µ –®–Ω—É—Ä–æ–≤–µ. –ö–∞—Ç–∞—Å—Ç—Ä–æ—Ñ–∞ –≤ –ö—Ä–∞—Å–Ω–æ—è—Ä—Å–∫–µ. –î–µ–ø—É—Ç–∞—Ç—ã, –∫–æ—Ç–æ—Ä—ã—Ö –Ω–µ —Ö–æ—á–µ—Ç –ö—Ä–µ–º–ª—å",2020-02-20T18:36:52Z,–ù–∞–≤–∞–ª—å–Ω—ã–π LIVE,1109411,67688,1614,8200
190,r2cdv9tIncs,"üî• –ü—É—Ç–∏–Ω –æ—Ç–≤–µ—Ç–∏–ª, –∫–∞–∫ –ø—Ä–æ–∂–∏—Ç—å –Ω–∞ 10 —Ç—ã—Å—è—á. –ú–æ—Å–≥–æ—Ä—Å—É–¥ –∏ –ü—Ä–∏–≥–æ–∂–∏–Ω. –ù–µ–ø—Ä–∏–∫–æ—Å–Ω–æ–≤–µ–Ω–Ω–æ—Å—Ç—å —ç–∫—Å-–ø—Ä–µ–∑–∏–¥–µ–Ω—Ç–æ–≤",2020-02-19T19:15:27Z,–ù–∞–≤–∞–ª—å–Ω—ã–π LIVE,530179,36108,782,5120
191,3qFw1uo6QWw,"–ü–æ–≤—ã—Å–∏—Ç—å –ø–µ–Ω—Å–∏—é –Ω–∞ 1‚ÇΩ, –ø–æ—Ç—Ä–∞—Ç–∏—Ç—å 1.000.000.000‚ÇΩ –Ω–∞ —Å–µ–±—è. –ö–∞–∫ —á–∏–Ω–æ–≤–Ω–∏–∫–∏ —Ä–∞—Å–ø–æ—Ä—è–∂–∞—é—Ç—Å—è –±—é–¥–∂–µ—Ç–æ–º",2020-02-19T12:02:55Z,–ù–∞–≤–∞–ª—å–Ω—ã–π LIVE,235068,25925,242,1681
192,YtOTjzltUWA,–ù–∞–≤–∞–ª—å–Ω—ã–π –æ –ø–µ—Ä–≤–æ–π –≤—Å—Ç—Ä–µ—á–µ —Ä–∞–±–æ—á–µ–π –≥—Ä—É–ø–ø—ã –ø–æ –ø–æ–ø—Ä–∞–≤–∫–∞–º –≤ –ö–æ–Ω—Å—Ç–∏—Ç—É—Ü–∏—é,2020-02-17T09:55:26Z,–ù–∞–≤–∞–ª—å–Ω—ã–π LIVE,295195,14465,398,2884
193,pMw6zhFamBA,–ù–∞–≤–∞–ª—å–Ω—ã–π –æ —Ä–µ–∞–∫—Ü–∏–∏ –°–æ–ª–æ–≤—å–µ–≤–∞ –Ω–∞ –∑–∞—è–≤–ª–µ–Ω–∏–µ —é—Ä–∏—Å—Ç–∞ –§–ë–ö –≤ –°–ª–µ–¥—Å—Ç–≤–µ–Ω–Ω—ã–π –∫–æ–º–∏—Ç–µ—Ç,2020-02-16T11:56:09Z,–ù–∞–≤–∞–ª—å–Ω—ã–π LIVE,545643,27859,657,2250
194,si3vGzICwVI,–ú–∏–ª–æ–≤ –æ —Ä–∞–±–æ—Ç–µ –ú–∏—à—É—Å—Ç–∏–Ω–∞ –≤ –û–§–ì: –æ—Ç–∫—É–¥–∞ –º–∏–ª–ª–∏–∞—Ä–¥—ã?..,2020-02-15T12:01:18Z,–ù–∞–≤–∞–ª—å–Ω—ã–π LIVE,74094,4952,112,605
195,Nw9_Pm3VJIU,–ù–∞–≤–∞–ª—å–Ω—ã–π –æ –Ω–æ–≤–æ–º —Ñ–∏–ª—å–º–µ –î—É–¥—è –∏ –æ–± —ç–ø–∏–¥–µ–º–∏–∏ –í–ò–ß –≤ –†–æ—Å—Å–∏–∏,2020-02-15T09:55:28Z,–ù–∞–≤–∞–ª—å–Ω—ã–π LIVE,150734,8371,247,710
196,ae8zsbKGJc0,üî• –î–µ–ª–æ –ø—Ä–æ—Ç–∏–≤ –ò–≤–∞–Ω–∞ –ñ–¥–∞–Ω–æ–≤–∞. –ò—Å–∏–Ω–±–∞–µ–≤–∞ –ø—Ä–æ—á–∏—Ç–∞–ª–∞ –ö–æ–Ω—Å—Ç–∏—Ç—É—Ü–∏—é. –®—Ç—Ä–∞—Ñ—ã –¥–ª—è Twitter –∏ Facebook,2020-02-14T20:27:16Z,–ù–∞–≤–∞–ª—å–Ω—ã–π LIVE,146082,13027,243,1493
197,_-XAn4Pi9mw,–ú–∏–ª–æ–≤ –æ –ø–µ—Ä–µ–¥–∞—á–µ –°–±–µ—Ä–±–∞–Ω–∫–∞ –æ—Ç –¶–ë –∫ –ú–∏–Ω—Ñ–∏–Ω—É,2020-02-14T12:02:45Z,–ù–∞–≤–∞–ª—å–Ω—ã–π LIVE,78075,5295,179,571
198,ijR9rJODIRc,"–î–µ–ª–æ ¬´–°–µ—Ç–∏¬ª, –°–æ–ª–æ–≤—å–µ–≤–∞ —Ä–∞–∑–æ—Ä–≤–∞–ª–æ, –æ –Ω–æ–≤–æ–º —Ñ–∏–ª—å–º–µ –î—É–¥—è",2020-02-13T18:34:02Z,–ù–∞–≤–∞–ª—å–Ω—ã–π LIVE,1425471,74538,2021,7876
199,AtkWIOHqtSk,"–£–ø–∞–¥–æ–∫ –æ–±–æ—Ä–æ–Ω–∫–∏, –û–§–ì –ú–∏—à—É—Å—Ç–∏–Ω–∞",2020-02-13T14:36:24Z,–ù–∞–≤–∞–ª—å–Ω—ã–π LIVE,315237,16904,543,1245
200,OUIHypTLfyI,üî• –ü–∞–¥–µ–Ω–∏–µ —É—Ä–æ–≤–Ω—è –¥–æ–≤–µ—Ä–∏—è –∫ –ü—É—Ç–∏–Ω—É. –ë–µ–¥–Ω–æ—Å—Ç—å ‚Äî –≥–ª–∞–≤–Ω–∞—è –ø—Ä–æ–±–ª–µ–º–∞. –î–µ–ª–æ –Ω–∞ –ò–≤–∞–Ω–∞ –ñ–¥–∞–Ω–æ–≤–∞,2020-02-12T19:48:38Z,–ù–∞–≤–∞–ª—å–Ω—ã–π LIVE,203630,19111,325,2720
201,5GDqfA82EP4,üî• –î–∞—Ç–∞ –≥–æ–ª–æ—Å–æ–≤–∞–Ω–∏—è –ø–æ –ö–æ–Ω—Å—Ç–∏—Ç—É—Ü–∏–∏. ¬´–ü–µ–Ω–∑–µ–Ω—Å–∫–æ–µ –¥–µ–ª–æ¬ª. –°—Ç–∞–Ω–µ—Ç –ª–∏ –ü—É—Ç–∏–Ω —Å–µ–Ω–∞—Ç–æ—Ä–æ–º,2020-02-11T20:55:30Z,–ù–∞–≤–∞–ª—å–Ω—ã–π LIVE,232945,19085,348,2317
202,lIL-FAa1TNY,"–°–ª–µ–∂–∫–∞, —É–≥—Ä–æ–∑—ã, –æ—Ç—á–∏—Å–ª–µ–Ω–∏—è: –∫–∞–∫ –≤—É–∑—ã —Ä–∞–∑–±–∏—Ä–∞—é—Ç—Å—è —Å –Ω–µ—Å–æ–≥–ª–∞—Å–Ω—ã–º–∏",2020-02-11T10:00:12Z,–ù–∞–≤–∞–ª—å–Ω—ã–π LIVE,219831,18972,181,1602
203,HKgcLnHdq_Y,–û–±–∑–æ—Ä —Å–∞–º–æ–π –ª–∞–∫–µ–π—Å–∫–æ–π –ø—Ä–æ–≥—Ä–∞–º–º—ã –Ω–∞ –¢–í,2020-02-10T12:00:02Z,–ù–∞–≤–∞–ª—å–Ω—ã–π LIVE,356148,27142,605,2713
204,xCbTGfzcUrE,–ù–∞–≤–∞–ª—å–Ω—ã–π: —é—Ä–∏—Å—Ç –§–ë–ö –ø–æ–¥–∞–ª –≤ –°–ö –∑–∞—è–≤–ª–µ–Ω–∏–µ –Ω–∞ –í–ª–∞–¥–∏–º–∏—Ä–∞ –°–æ–ª–æ–≤—å–µ–≤–∞ –∑–∞ –æ–ø—Ä–∞–≤–¥–∞–Ω–∏–µ —Ñ–∞—à–∏–∑–º–∞,2020-02-10T10:01:17Z,–ù–∞–≤–∞–ª—å–Ω—ã–π LIVE,129305,10003,521,987
205,1YaeBeYlFH8,"–ù–∞–≤–∞–ª—å–Ω—ã–π –æ —Ç–æ–º, –≤ –∫–∞–∫–∏—Ö —É—Å–ª–æ–≤–∏—è—Ö —Ä–æ—Å—Å–∏—è–Ω —ç–≤–∞–∫—É–∏—Ä–æ–≤–∞–ª–∏ –∏–∑ –ö–∏—Ç–∞—è",2020-02-08T09:57:04Z,–ù–∞–≤–∞–ª—å–Ω—ã–π LIVE,255985,11847,474,1969
206,oCOk_ibqvtA,"–ú–∏–ª–æ–≤: –ö–æ–Ω—Å—Ç–∏—Ç—É—Ü–∏—è, –∏–Ω–¥–µ–∫—Å–∞—Ü–∏—è –ø–µ–Ω—Å–∏–π –∏ –æ–±–º–∞–Ω –ü—É—Ç–∏–Ω–∞",2020-02-07T12:01:29Z,–ù–∞–≤–∞–ª—å–Ω—ã–π LIVE,74424,5809,126,832
207,BS1yO8M_4yk,"–°–∫–æ—Ç–æ–≤–æ–∑–∫–∞ –¥–ª—è —ç–≤–∞–∫—É–∞—Ü–∏–∏, –∏–Ω—Ñ–ª—é–µ–Ω—Å–µ—Ä—ã –∑–∞ –ø—Ä–µ–∑–∏–¥–µ–Ω—Ç–∞, –ü—É—Ç–∏–Ω —Å–¥–µ–ª–∞–ª —ç—Ç–æ 15 —Ä–∞–∑",2020-02-06T18:28:17Z,–ù–∞–≤–∞–ª—å–Ω—ã–π LIVE,785988,51307,1096,6177
208,d5hjZJeBS-c,"–ö–æ–Ω—Å—Ç–∏—Ç—É—Ü–∏—è, –ø–µ–Ω—Å–∏–∏, –ú–†–û–¢",2020-02-06T14:27:43Z,–ù–∞–≤–∞–ª—å–Ω—ã–π LIVE,169530,12221,151,1149
209,iKeyPzCqIZk,¬´–ú–æ—Å–∫–æ–≤—Å–∫–∏–π —à–∫–æ–ª—å–Ω–∏–∫¬ª –∑–∞–ø–ª–∞—Ç–∏—Ç –∑–∞ –æ—Ç—Ä–∞–≤–ª–µ–Ω–∏—è,2020-02-06T11:20:52Z,–ù–∞–≤–∞–ª—å–Ω—ã–π LIVE,118943,14150,117,1282
210,d_qZyWILE3c,üî• –ü—É—Ç–∏–Ω –∏ –µ–≥–æ –ø–æ–ø—Ä–∞–≤–∫–∏. –î–∞—á–∞ –≥–ª–∞–≤—ã –ö–æ–Ω—Å—Ç–∏—Ç—É—Ü–∏–æ–Ω–Ω–æ–≥–æ —Å—É–¥–∞. –ü—Ä–æ—Ç–µ—Å—Ç—ã —Ä–∞–±–æ—Ç–Ω–∏–∫–æ–≤ ¬´—Å–∫–æ—Ä–æ–π¬ª,2020-02-05T20:17:20Z,–ù–∞–≤–∞–ª—å–Ω—ã–π LIVE,149305,13267,199,1327
211,0i5KN15fZ18,–°–æ–ª–æ–≤—å–µ–≤ –∏ RT —Ä–µ–∞–±–∏–ª–∏—Ç–∏—Ä—É—é—Ç —Ñ–∞—à–∏–∑–º,2020-02-05T16:52:34Z,–ù–∞–≤–∞–ª—å–Ω—ã–π LIVE,240572,22433,332,2945
212,vZYG6a_3z7Q,üî• –ú–µ–¥–≤–µ–¥–µ–≤ –∏ –ø—Ä–æ—Ä—ã–≤. –ö–∞–∫ –∂–∏–≤—É—Ç –ø—Ä–æ–ø–∞–≥–∞–Ω–¥–∏—Å—Ç—ã. –°–æ–±—á–∞–∫ –Ω–∞ ¬´–ü–µ—Ä–≤–æ–º –∫–∞–Ω–∞–ª–µ¬ª,2020-02-04T17:25:00Z,–ù–∞–≤–∞–ª—å–Ω—ã–π LIVE,138719,12729,199,1224
213,fRK7J8Mbunk,‚ö°Ô∏è–®–æ–∫! –ß–∏–Ω–æ–≤–Ω–∏–∫–∏ –Ω–∞—à–ª–∏ –≤–∏–Ω–æ–≤–∞—Ç—ã—Ö –≤ –±–µ–¥–∞—Ö –†–æ—Å—Å–∏–∏!,2020-02-04T11:00:19Z,–ù–∞–≤–∞–ª—å–Ω—ã–π LIVE,302365,25031,795,1902
214,-6P4iEPO-UM,üî• –ö–∞–∫ –∂–∏–≤–µ—Ç –≥–ª–∞–≤–∞ ¬´–†–æ—Å—Ç–µ—Ö–∞¬ª. –ü–µ—Ä–µ—Å–º–æ—Ç—Ä –¥–µ–ª–∞ –ö–æ—Ç–æ–≤–∞. –ü–µ—Ä–µ–º–µ–Ω—ã –±–µ–∑ –ø–µ—Ä–µ–º–µ–Ω,2020-02-03T20:08:26Z,–ù–∞–≤–∞–ª—å–Ω—ã–π LIVE,132620,11763,169,1523
215,kQXuUaWZ68Q,–ù–∞–≤–∞–ª—å–Ω—ã–π: –∫–æ—Ä–æ–Ω–∞–≤–∏—Ä—É—Å –Ω–∞—Å—Ç—É–ø–∞–µ—Ç,2020-02-02T09:56:02Z,–ù–∞–≤–∞–ª—å–Ω—ã–π LIVE,340610,14186,498,1859
216,1-BYnUWQ3f4,üî• –ó–∞—á–µ–º –º–µ–Ω—è—é—Ç –ö–æ–Ω—Å—Ç–∏—Ç—É—Ü–∏—é. –î–µ–ª–æ –ì–æ–ª—É–Ω–æ–≤–∞ –∏ —Å—É–¥ –≤ –†–æ—Å—Å–∏–∏. –•–∞–º—Å—Ç–≤–æ —á–∏–Ω–æ–≤–Ω–∏–∫–æ–≤,2020-01-31T19:46:52Z,–ù–∞–≤–∞–ª—å–Ω—ã–π LIVE,563746,20088,2141,2989
217,93njNVl5pms,"–ú–∏—à—É—Å—Ç–∏–Ω ‚Äî –≤–æ—Ä, –≠–ª–¥–∂–µ–π ‚Äî –∫–∞–Ω–Ω–∏–±–∞–ª, –∫–æ—Ä–æ–Ω–∞–≤–∏—Ä—É—Å ‚Äî —É–±–∏–π—Ü–∞",2020-01-30T18:27:05Z,–ù–∞–≤–∞–ª—å–Ω—ã–π LIVE,1107941,66690,1404,6498
218,O9X2k3K1sSk,–ù–æ–≤–æ–µ –ø—Ä–∞–≤–∏—Ç–µ–ª—å—Å—Ç–≤–æ –ø–æ—à–ª–æ –≤—Ä–∞–∑–Ω–æ—Å,2020-01-30T14:27:48Z,–ù–∞–≤–∞–ª—å–Ω—ã–π LIVE,303155,18515,316,1522
219,k1Fh2ca1Qlk,–®–∞–≤–µ–¥–¥–∏–Ω–æ–≤ –Ω–∞ –ù–æ–≤–æ–π –ó–µ–º–ª–µ. –ü–æ—Ö–∏—â–µ–Ω–∏–µ –≤ XXI –≤–µ–∫–µ,2020-01-30T09:06:17Z,–ù–∞–≤–∞–ª—å–Ω—ã–π LIVE,129249,17953,210,2139
220,57HZD8VOais,üî• –ê—Ä–µ—Å—Ç—ã –ø–æ –¥–µ–ª—É –ì–æ–ª—É–Ω–æ–≤–∞. –ú–∏—à—É—Å—Ç–∏–Ω –∏ –ü—Ä–∏—Ö–æ–¥—å–∫–æ. –û—Ç—Å—Ç–∞–≤–∫–∞ –≥–ª–∞–≤—ã –ß—É–≤–∞—à–∏–∏,2020-01-29T21:14:34Z,–ù–∞–≤–∞–ª—å–Ω—ã–π LIVE,178992,14627,261,1680
221,Ve5hrnyaGns,–ß—Ç–æ –≤—ã –∑–Ω–∞–µ—Ç–µ –æ —Å—Ç—Ä–∞—Ö–µ?,2020-01-29T12:00:16Z,–ù–∞–≤–∞–ª—å–Ω—ã–π LIVE,142577,17079,236,2038
222,fg96FAHKr_I,–ü—É—Ç–∏–Ω –º–µ–Ω—è–µ—Ç –ö–æ–Ω—Å—Ç–∏—Ç—É—Ü–∏—é: –º–Ω–µ–Ω–∏—è —ç–∫—Å–ø–µ—Ä—Ç–æ–≤,2020-01-28T12:14:01Z,–ù–∞–≤–∞–ª—å–Ω—ã–π LIVE,170307,16092,175,1644
223,paex1FTwONk,üî• –î–æ–ª–∂–Ω–æ—Å—Ç—å –¥–ª—è –ú–µ–¥–∏–Ω—Å–∫–æ–≥–æ. –ò–¥–µ–∏ –¥–ª—è ¬´–ï–¥–∏–Ω–æ–π –†–æ—Å—Å–∏–∏¬ª. –°–æ—Å–Ω–æ–≤—Å–∫–∞—è –∏ –ö–æ—Ç–æ–≤,2020-01-27T21:10:34Z,–ù–∞–≤–∞–ª—å–Ω—ã–π LIVE,142691,11732,159,1456
224,uhGi2hfeUBg,–ù–∞–≤–∞–ª—å–Ω—ã–π: –í–æ–ª–æ–¥–∏–Ω —Ö–æ—á–µ—Ç –æ—à—Ç—Ä–∞—Ñ–æ–≤–∞—Ç—å –ê–ª–µ–Ω—É –í–æ–¥–æ–Ω–∞–µ–≤—É –∑–∞ –ø–æ—Å—Ç –æ –º–∞—Ç–µ—Ä–∏–Ω—Å–∫–æ–º –∫–∞–ø–∏—Ç–∞–ª–µ,2020-01-26T09:58:49Z,–ù–∞–≤–∞–ª—å–Ω—ã–π LIVE,495553,27799,673,3867
225,lFiUaPsDFRU,–ú–∏–ª–æ–≤: –ë–µ–ª–æ—É—Å–æ–≤ + –•—É—Å–Ω—É–ª–ª–∏–Ω = —Ä–æ—Å—Ç –Ω–∞–ª–æ–≥–æ–≤ –∏ —Ä–∞—Å–ø–∏–ª,2020-01-25T12:01:20Z,–ù–∞–≤–∞–ª—å–Ω—ã–π LIVE,58026,3831,124,452
226,gOCmJ3bry4Y,–ù–∞–≤–∞–ª—å–Ω—ã–π –æ –Ω–æ–≤–æ–º –ø—Ä–∞–≤–∏—Ç–µ–ª—å—Å—Ç–≤–µ,2020-01-25T10:03:10Z,–ù–∞–≤–∞–ª—å–Ω—ã–π LIVE,355996,14357,443,1869
227,Hd8FxDXWGuY,–ú–∏–ª–æ–≤: –ø—Ä–∏ –ú–∏—à—É—Å—Ç–∏–Ω–µ –§–ù–° —Å—Ç–∞–ª–∞ —á–µ–º–ø–∏–æ–Ω–æ–º –ø–æ –±–µ–∑–∑–∞–∫–æ–Ω–∏—é,2020-01-24T10:00:10Z,–ù–∞–≤–∞–ª—å–Ω—ã–π LIVE,96966,5511,132,831
228,wmD9mbd4brQ,"–ü—É—Ç–∏–Ω –º–µ–Ω—è–µ—Ç –ö–æ–Ω—Å—Ç–∏—Ç—É—Ü–∏—é, –æ –ø—Ä–∞–≤–∏—Ç–µ–ª—å—Å—Ç–≤–µ –ú–∏—à—É—Å—Ç–∏–Ω–∞, –ê–ª–µ–Ω–∞ –í–æ–¥–æ–Ω–∞–µ–≤–∞ ‚Äî –≤—Ä–∞–≥ –†–æ—Å—Å–∏–∏",2020-01-23T18:41:10Z,–ù–∞–≤–∞–ª—å–Ω—ã–π LIVE,1656195,87266,3042,12464
229,HA8yXaI_BNM,–ù–æ–≤—ã–π –∫–∞–±–º–∏–Ω. –§–ù–° –ú–∏—à—É—Å—Ç–∏–Ω–∞,2020-01-23T14:27:24Z,–ù–∞–≤–∞–ª—å–Ω—ã–π LIVE,234834,13935,317,1412
230,KJnoXNdhXAc,üî• –ù–æ–≤—ã–π —Å–æ—Å—Ç–∞–≤ –ø—Ä–∞–≤–∏—Ç–µ–ª—å—Å—Ç–≤–∞. –ê–≤—Ç–æ—Ä–∏—Ç–∞—Ä–Ω–∞—è –†–æ—Å—Å–∏—è. –ü—É—Ç–∏–Ω –∏ –¥–≤–æ–µ–≤–ª–∞—Å—Ç–∏–µ,2020-01-22T20:00:47Z,–ù–∞–≤–∞–ª—å–Ω—ã–π LIVE,304635,20454,459,2340
231,5mxaDlcsMIo,üî• –ß–∞–π–∫–µ –Ω–∞—à–ª–∏ –Ω–æ–≤—É—é –¥–æ–ª–∂–Ω–æ—Å—Ç—å. –ü–µ–Ω—Å–∏–æ–Ω–Ω—ã–µ –æ–±–µ—â–∞–Ω–∏—è. –ü–æ–Ω—è—Ç–Ω–∞—è —Ä–µ–∞–ª—å–Ω–æ—Å—Ç—å,2020-01-21T17:32:08Z,–ù–∞–≤–∞–ª—å–Ω—ã–π LIVE,343625,24561,403,2924
232,dFLg7L_O3w8,–ù–æ–≤–∞—è –ö–æ–Ω—Å—Ç–∏—Ç—É—Ü–∏—è –∏ –µ–µ –∑–Ω–∞–º–µ–Ω–∏—Ç—ã–µ —Ä–µ–¥–∞–∫—Ç–æ—Ä—ã,2020-01-21T12:05:57Z,–ù–∞–≤–∞–ª—å–Ω—ã–π LIVE,986771,52934,1215,8404
233,augqxBhFwc8,üî• –û—Ç—Å—Ç–∞–≤–∫–∞ –ß–∞–π–∫–∏. –ü–æ–ø—Ä–∞–≤–∫–∏ –≤ –ö–æ–Ω—Å—Ç–∏—Ç—É—Ü–∏—é —É–∂–µ –≥–æ—Ç–æ–≤—ã. –î–æ—Ö–æ–¥—ã –ú–∏—à—É—Å—Ç–∏–Ω–∞,2020-01-20T21:26:15Z,–ù–∞–≤–∞–ª—å–Ω—ã–π LIVE,737550,44448,1255,5246
234,T7PpSd4VBjs,–í–ª–∞—Å—Ç—å –æ—Ç–±–∏—Ä–∞–µ—Ç –∫—Ä–æ–≤—å,2020-01-20T09:08:24Z,–ù–∞–≤–∞–ª—å–Ω—ã–π LIVE,269535,26774,248,3990
235,1Zh5t2hrOXg,–ú–∏–ª–æ–≤ –æ –ü—É—Ç–∏–Ω–µ: –Ω–µ –º–æ–∂–µ—à—å –ø–æ–¥–Ω—è—Ç—å —ç–∫–æ–Ω–æ–º–∏–∫—É? –£—Ö–æ–¥–∏,2020-01-18T11:58:51Z,–ù–∞–≤–∞–ª—å–Ω—ã–π LIVE,221282,15100,414,2819
236,m3EDb8fXpBQ,üî• –ù–∞–∑–Ω–∞—á–µ–Ω–∏–µ –ú–∏—à—É—Å—Ç–∏–Ω–∞. –ö—Ç–æ –Ω–∞–ø–∏—à–µ—Ç –ø–æ–ø—Ä–∞–≤–∫–∏ –≤ –ö–æ–Ω—Å—Ç–∏—Ç—É—Ü–∏—é. –ü—Ä–∞–≤–∏–ª–∞ –í–®–≠,2020-01-17T20:16:15Z,–ù–∞–≤–∞–ª—å–Ω—ã–π LIVE,584248,36239,1255,4548
237,gUu1eeMKFjg,–ú–∏–ª–æ–≤ –æ –Ω–æ–≤–æ–º –ø—Ä–µ–º—å–µ—Ä–µ –ú–∏—à—É—Å—Ç–∏–Ω–µ,2020-01-17T10:00:24Z,–ù–∞–≤–∞–ª—å–Ω—ã–π LIVE,597231,31197,1438,4072
238,pVRr2oOeyeo,–ö–∞–∫ –∂–∏—Ä—É—é—Ç –Ω–∞—à–∏ –±–∞–Ω–∫–∏,2020-01-16T14:27:49Z,–ù–∞–≤–∞–ª—å–Ω—ã–π LIVE,320816,19392,371,2167
239,QPvfvIEoa-s,üî• –ü–æ—Å–ª–∞–Ω–∏–µ –ü—É—Ç–∏–Ω–∞. –ü–æ–ø—Ä–∞–≤–∫–∏ –≤ –ö–æ–Ω—Å—Ç–∏—Ç—É—Ü–∏—é. –û—Ç—Å—Ç–∞–≤–∫–∞ –ø—Ä–∞–≤–∏—Ç–µ–ª—å—Å—Ç–≤–∞,2020-01-15T20:19:20Z,–ù–∞–≤–∞–ª—å–Ω—ã–π LIVE,1471999,97840,9126,13297
240,59aS-5bQmF4,–ü—É—Ç–∏–Ω –∏ –≥–æ–ª–æ—Å–∞ –ø—Ä–æ—à–ª–æ–≥–æ,2020-01-15T14:32:14Z,–ù–∞–≤–∞–ª—å–Ω—ã–π LIVE,365289,18385,858,2515
241,S4pMZGp4yfU,üî• –ö–æ—Ä—Ä—É–ø—Ü–∏—è –Ω–∞ —Ç—Ä–∏–ª–ª–∏–æ–Ω—ã —Ä—É–±–ª–µ–π. –ö–æ–Ω—Ç—Ä–æ–ª—å –∏–∑ –∫–æ—Å–º–æ—Å–∞. –¶–µ–Ω–Ω–æ—Å—Ç–∏ –±–∞–Ω–∫–∞ –í–¢–ë,2020-01-14T19:17:26Z,–ù–∞–≤–∞–ª—å–Ω—ã–π LIVE,309454,22859,331,2119
242,34fKWUk2PBQ,–ü–æ—á–µ–º—É –≤—ã –±—É–¥–µ—Ç–µ –±–µ–¥–Ω–µ–µ –≤ 2020 –≥–æ–¥—É,2020-01-14T12:00:05Z,–ù–∞–≤–∞–ª—å–Ω—ã–π LIVE,249701,21853,321,1769
243,jWbDRoGFvyw,–ß—Ä–µ–∑–≤—ã—á–∞–π–Ω–∞—è —Å–∏—Ç—É–∞—Ü–∏—è –Ω–∞ –ö—Ä–∞—Å–Ω–æ–π –ø–ª–æ—â–∞–¥–∏,2020-01-14T08:00:16Z,–ù–∞–≤–∞–ª—å–Ω—ã–π LIVE,708268,47510,1608,3171
244,lUzUOHJmst0,üî• –û–∂–∏–¥–∞–Ω–∏—è –æ—Ç 2020-–≥–æ –≥–æ–¥–∞. –ü–∞—Ä—Ç–∏—è –ª—é–±–∏—Ç–µ–ª–µ–π World of Tanks. –î–µ–ª–æ –ì–æ–ª—É–Ω–æ–≤–∞,2020-01-13T19:13:47Z,–ù–∞–≤–∞–ª—å–Ω—ã–π LIVE,324176,26242,782,3263
245,jmMDWn9MW54,–ü–æ–≤—ã—Å—è—Ç –ª–∏ –Ω–∞–º –ù–î–§–õ?,2020-01-09T14:44:22Z,–ù–∞–≤–∞–ª—å–Ω—ã–π LIVE,312093,17807,492,2344
246,X3LJ54UHfjk,2020. –†–æ—Å—Å–∏—è–Ω–µ —Ö–æ—Ç—è—Ç –ø–µ—Ä–µ–º–µ–Ω,2020-01-07T10:00:07Z,–ù–∞–≤–∞–ª—å–Ω—ã–π LIVE,442176,40973,1207,3612
247,tNer7JK2DSw,–ú–∏–ª–æ–≤: –§–ù–° —É–¥–∞–≤–∏—Ç—Å—è –∑–∞ –≤–∞—à–∏ —Ç—Ä–∏ —Ç—ã—Å—è—á–∏,2020-01-05T11:54:35Z,–ù–∞–≤–∞–ª—å–Ω—ã–π LIVE,131162,11559,160,1606
248,53d6nKJQB08,–ù–æ–≤—ã–π –≥–æ–¥ —Å—Ç—Ä–æ–≥–æ–≥–æ —Ä–µ–∂–∏–º–∞ –≤ –†–æ—Å—Å–∏–∏,2020-01-04T08:00:01Z,–ù–∞–≤–∞–ª—å–Ω—ã–π LIVE,478435,36697,795,2599
249,LudK1YP2FXU,"–ù–∞–≤–∞–ª—å–Ω—ã–π: –º–µ–¥–∏—Ü–∏–Ω–∞ —Ä–∞–∑–≤–∞–ª–∏–ª–∞—Å—å, –Ω–æ —É–ª—É—á—à–∏–ª–∞—Å—å",2019-12-30T12:38:57Z,–ù–∞–≤–∞–ª—å–Ω—ã–π LIVE,146401,9925,200,1632
250,oiUDL1K6o5A,–ù–∞–≤–∞–ª—å–Ω—ã–π: ¬´–ï–¥–∏–Ω–∞—è –†–æ—Å—Å–∏—è¬ª –±–æ–∏—Ç—Å—è –∏ —Å–∫–∞–Ω–¥–∞–ª–∏—Ç,2019-12-29T12:00:32Z,–ù–∞–≤–∞–ª—å–Ω—ã–π LIVE,393071,25605,422,3076
251,zrVkBdYeOfI,–ù–∞–≤–∞–ª—å–Ω—ã–π: —Å–æ—Ç—Ä—É–¥–Ω–∏–∫–∞ –§–ë–ö –†—É—Å–ª–∞–Ω–∞ –®–∞–≤–µ–¥–¥–∏–Ω–æ–≤–∞ —É–≤–µ–∑–ª–∏ —Å–ª—É–∂–∏—Ç—å –Ω–∞ –ù–æ–≤—É—é –ó–µ–º–ª—é,2019-12-28T11:56:16Z,–ù–∞–≤–∞–ª—å–Ω—ã–π LIVE,200621,12409,260,2341
252,dX-4Qk8n1bU,üî• –ù–æ–≤–æ–≥–æ–¥–Ω–∏–π –æ–±—ã—Å–∫ –≤ –§–ë–ö. –î—Ä—É–≥ –ø—Ä–µ–∑–∏–¥–µ–Ω—Ç–∞ —Ä–∞–∑–±–æ–≥–∞—Ç–µ–ª –≤ 12 —Ä–∞–∑. –≠–ª–µ–∫—Ç—Ä–æ–Ω–Ω–æ–µ –≥–æ–ª–æ—Å–æ–≤–∞–Ω–∏–µ,2019-12-27T17:49:24Z,–ù–∞–≤–∞–ª—å–Ω—ã–π LIVE,206606,19135,220,2230
253,ljaZUgK0O7Y,–ü–µ—á–∞–ª—å–Ω—ã–µ –∏—Ç–æ–≥–∏ 2019 –≥–æ–¥–∞,2019-12-27T14:30:23Z,–ù–∞–≤–∞–ª—å–Ω—ã–π LIVE,247633,16841,268,1268
254,QMbPZqz07Q4,–°–ø–µ—Ü–Ω–∞–∑ –≤ –∫–∞—Å–∫–∞—Ö —ç—Å—ç—Å–æ–≤—Ü–µ–≤ –≤ –§–ë–ö. –®–∞–≤–µ–¥–¥–∏–Ω–æ–≤. –î–µ–¥-—Ö–æ–∫–∫–µ–∏—Å—Ç,2019-12-26T18:34:44Z,–ù–∞–≤–∞–ª—å–Ω—ã–π LIVE,1066391,83108,1358,10933
255,V1QDs6mROzo,"–ü—Ä–æ–∑–∞ –°–∏–º–æ–Ω—å—è–Ω, —Ä–∏—Å—É–Ω–∫–∏ –ü—É—Ç–∏–Ω–∞ –∏ —Å—Ç–∏—Ö–∏ –ë–∞—Å—Ç—Ä—ã–∫–∏–Ω–∞",2019-12-25T08:32:40Z,–ù–∞–≤–∞–ª—å–Ω—ã–π LIVE,550167,35542,574,4654
256,oZKE85KUgfg,üî• –°–æ—Ç—Ä—É–¥–Ω–∏–∫–∞ –§–ë–ö –æ—Ç–ø—Ä–∞–≤–∏–ª–∏ –Ω–∞ –ù–æ–≤—É—é –ó–µ–º–ª—é. –°—É–¥–Ω—ã–π –¥–µ–Ω—å. –ì–µ–Ω–µ—Ä–∞–ª –∏ –∑–æ–ª–æ—Ç—ã–µ —Å–ª–∏—Ç–∫–∏,2019-12-24T18:12:42Z,–ù–∞–≤–∞–ª—å–Ω—ã–π LIVE,156479,16015,184,2813
257,LPB32TjBbu4,"¬´–£–±—å—é—Ç, —Ç–æ–≥–¥–∞ –∏ –ø—Ä–∏—Ö–æ–¥–∏—Ç–µ¬ª: –∫–∞–∫ –∑–∞—â–∏—â–∞—é—Ç –∂–µ—Ä—Ç–≤ –¥–æ–º–∞—à–Ω–µ–≥–æ –Ω–∞—Å–∏–ª–∏—è –≤ –†–æ—Å—Å–∏–∏",2019-12-24T09:30:12Z,–ù–∞–≤–∞–ª—å–Ω—ã–π LIVE,108336,9938,872,3857
258,5I5NZNH7w8k,–ù–∞–≤–∞–ª—å–Ω—ã–π –æ –ø—Ä–µ—Å—Å-–∫–æ–Ω—Ñ–µ—Ä–µ–Ω—Ü–∏–∏ –í–ª–∞–¥–∏–º–∏—Ä–∞ –ü—É—Ç–∏–Ω–∞,2019-12-23T09:54:25Z,–ù–∞–≤–∞–ª—å–Ω—ã–π LIVE,224099,13662,281,1855
259,M24M7weQ-Po,–ù–∞–≤–∞–ª—å–Ω—ã–π: –†–æ—Å–≥–≤–∞—Ä–¥–∏—è —Å –∞–≤—Ç–æ–º–∞—Ç–∞–º–∏ –∑–∞—â–∏—â–∞–ª–∞ —Ä—É–∫–æ–≤–æ–¥—Å—Ç–≤–æ –±–æ–ª—å–Ω–∏—Ü—ã –æ—Ç –≤—Ä–∞—á–µ–π,2019-12-21T09:56:19Z,–ù–∞–≤–∞–ª—å–Ω—ã–π LIVE,260504,16530,190,2040
260,8wNz7Q2GZWU,üî• –ü—Ä–µ—Å—Å-–∫–æ–Ω—Ñ–µ—Ä–µ–Ω—Ü–∏—è –ü—É—Ç–∏–Ω–∞. –ó–∞—è–≤–ª–µ–Ω–∏–µ –≤ –°–ö –Ω–∞ –ü—Ä–∏–≥–æ–∂–∏–Ω–∞. –ì—É–±–µ—Ä–Ω–∞—Ç–æ—Ä –Ω–∞–≥—Ä–∞–¥–∏–ª –∂–µ–Ω—É,2019-12-20T20:20:36Z,–ù–∞–≤–∞–ª—å–Ω—ã–π LIVE,213992,17028,272,1681
261,S4zTPx-yY68,–ù–∞–≤–∞–ª—å–Ω—ã–π: –ü—É—Ç–∏–Ω –æ—Ç–∫–∞–∑–∞–ª—Å—è –æ—Ç —Å–≤–æ–∏—Ö –¥–æ—á–µ—Ä–µ–π,2019-12-20T11:55:57Z,–ù–∞–≤–∞–ª—å–Ω—ã–π LIVE,1269009,48707,1904,6239
262,BvDBgie--ng,"–ù–∞–≤–∞–ª—å–Ω—ã–π –æ –ø–µ—Ä–µ—Å—Ç—Ä–µ–ª–∫–µ –≤ —Ü–µ–Ω—Ç—Ä–µ –ú–æ—Å–∫–≤—ã, –ü—É—Ç–∏–Ω –≥–æ–Ω–∏—Ç –ø–æ—Ä–æ–∂–Ω—è–∫, –°–æ–±—è–Ω–∏–Ω –∏—Å–ø—É–≥–∞–ª—Å—è –≤–æ–ø—Ä–æ—Å–æ–≤",2019-12-19T19:07:01Z,–ù–∞–≤–∞–ª—å–Ω—ã–π LIVE,1534829,76222,2634,11599
263,AbmXYu_tIjY,–ü–æ—á–µ–º—É –†–æ—Å—Å–∏—è –Ω–µ –ª–µ—Ç–∞–µ—Ç?,2019-12-19T15:22:09Z,–ù–∞–≤–∞–ª—å–Ω—ã–π LIVE,164591,9029,164,588
264,RzgyHdbUL8s,–ü—É—Ç–∏–Ω—Å–∫–∞—è –≤–ª–∞—Å—Ç—å: –ª—É—á—à–∏–µ —Ü–∏—Ç–∞—Ç—ã,2019-12-18T08:28:01Z,–ù–∞–≤–∞–ª—å–Ω—ã–π LIVE,234202,17893,170,1576
265,fR3AIHYFCNI,–ö–æ—Å–º–∏—á–µ—Å–∫–∏–µ –∑–∞—Ä–ø–ª–∞—Ç—ã –∏ –¥–∞–≤–Ω–∏–µ –¥–æ–ª–≥–∏ –†–æ–≥–æ–∑–∏–Ω–∞,2019-12-17T08:40:45Z,–ù–∞–≤–∞–ª—å–Ω—ã–π LIVE,172781,17792,109,2104
266,nHnEdY_Gehg,–ú–∏–ª–æ–≤: –õ—É–∂–∫–æ–≤ —Ä–∞–∑—Ä—É—à–∏–ª –º–æ—é –º–µ—á—Ç—É,2019-12-13T11:51:43Z,–ù–∞–≤–∞–ª—å–Ω—ã–π LIVE,72281,7661,181,1189
267,fagUl0Go_Aw,"–ü—É—Ç–∏–Ω ‚Äî Hublot. –ö–æ–ª–ª–µ–≥–∏, —ç—Ç–æ –ø***–¥–µ—Ü. –§–∞–Ω–∞—Ç—ã –∏ —ç—à–Ω–∏–∫–∏",2019-12-12T18:21:26Z,–ù–∞–≤–∞–ª—å–Ω—ã–π LIVE,1166782,68655,1430,9251
268,k086ZhflIhM,¬´–ì–∞–∑–ø—Ä–æ–º¬ª —Ä–∞—Å–ø—Ä–æ–¥–∞–µ—Ç –°–∏–±–∏—Ä—å,2019-12-12T14:28:19Z,–ù–∞–≤–∞–ª—å–Ω—ã–π LIVE,260353,16028,383,1958
269,pRDuCdYTysA,–ö–∞–∫ –ü—É—Ç–∏–Ω –∏ –µ–≥–æ —Å—Ç–∞—Ä—ã–µ –¥—Ä—É–∑—å—è –ø–æ–¥–µ–ª–∏–ª–∏ –†–æ—Å—Å–∏—é,2019-12-11T13:46:11Z,–ù–∞–≤–∞–ª—å–Ω—ã–π LIVE,2269562,85259,2042,9820
270,VVyPTnEtqBQ,–ù–∞–≤–∞–ª—å–Ω—ã–π –æ –ø—Ä–µ—Å—Å-–∫–æ–Ω—Ñ–µ—Ä–µ–Ω—Ü–∏–∏ –ø—Ä–µ–º—å–µ—Ä-–º–∏–Ω–∏—Å—Ç—Ä–∞ –î–º–∏—Ç—Ä–∏—è –ú–µ–¥–≤–µ–¥–µ–≤–∞,2019-12-06T11:57:15Z,–ù–∞–≤–∞–ª—å–Ω—ã–π LIVE,421830,22236,359,2513
271,nFRSs1G96ug,"–ù–∞–∏–ª—è –∏ –°–≤–µ—Ç–ª–∞–Ω–∞ –ª–µ—Ç—è—Ç –Ω–∞–¥ –Ω–∞–º–∏, –ú–µ–¥–≤–µ–¥–µ–≤ –∏ –ò–≤–ª–µ–µ–≤–∞, –Ω–∞—à–∏—Å—Ç –≤ –ì–µ—Ä–º–∞–Ω–∏–∏",2019-12-05T18:19:09Z,–ù–∞–≤–∞–ª—å–Ω—ã–π LIVE,813128,60800,768,6698
272,DCbu5fxKHlk,"–î–µ—Ç—Å–∫–∏–µ —Å–∞–¥—ã –ø–µ—Ä–µ–ø–æ–ª–Ω–µ–Ω—ã, –º—ç—Ä–∏–∏ –ú–æ—Å–∫–≤—ã –ø–ª–µ–≤–∞—Ç—å",2019-12-04T09:23:50Z,–ù–∞–≤–∞–ª—å–Ω—ã–π LIVE,120884,11947,95,1556
273,E3-VEF9wRkE,üî• –ö–∞–∫ –≤ –ö—Ä–µ–º–ª–µ –ø–æ–º–æ–≥—É—Ç ¬´–ï–¥–∏–Ω–æ–π –†–æ—Å—Å–∏–∏¬ª. –ü—Ä–æ—Ç–µ—Å—Ç–Ω—ã–µ –Ω–∞—Å—Ç—Ä–æ–µ–Ω–∏—è. –ó–∞–∫–æ–Ω –ø—Ä–æ –∏–Ω–æ–∞–≥–µ–Ω—Ç–æ–≤,2019-12-03T18:44:00Z,–ù–∞–≤–∞–ª—å–Ω—ã–π LIVE,115817,12372,98,1286
274,vfh0rA45OU0,–ö–∞–∫ –∂–∏–≤–µ—Ç –ú–æ—Å–≥–æ—Ä–¥—É–º–∞ –ø–æ—Å–ª–µ –ø–æ–±–µ–¥—ã ¬´–£–º–Ω–æ–≥–æ –≥–æ–ª–æ—Å–æ–≤–∞–Ω–∏—è¬ª,2019-12-03T10:34:32Z,–ù–∞–≤–∞–ª—å–Ω—ã–π LIVE,227879,21899,148,2140
275,8xGTyfvrclI,–û—Ç—Ö–æ–¥—ã –ø–æ–¥ –≤–∏–¥–æ–º —Ü–µ–Ω–Ω–æ–≥–æ —Å—ã—Ä—å—è: –∫–∞–∫ –≤ –†–æ—Å—Å–∏—é –≤–≤–æ–∑—è—Ç —É—Ä–∞–Ω–æ–≤—ã–µ ¬´—Ö–≤–æ—Å—Ç—ã¬ª,2019-12-02T14:00:30Z,–ù–∞–≤–∞–ª—å–Ω—ã–π LIVE,125579,13139,173,1906
276,wYRpeRSqAdw,–ù–∞–≤–∞–ª—å–Ω—ã–π: –û–ª–µ–≥ –î–µ—Ä–∏–ø–∞—Å–∫–∞ –Ω–µ —Ö–æ—á–µ—Ç –∂–∏—Ç—å –≤ –†–æ—Å—Å–∏–∏,2019-12-01T11:56:27Z,–ù–∞–≤–∞–ª—å–Ω—ã–π LIVE,176767,12543,119,1266
277,y9LyLmVbGIg,–°—ä–µ–∑–¥—ã ¬´–ï–¥–∏–Ω–æ–π –†–æ—Å—Å–∏–∏¬ª. –ó–æ–ª–æ—Ç–∞—è –∫–æ–ª–ª–µ–∫—Ü–∏—è –æ–±–µ—â–∞–Ω–∏–π,2019-11-29T08:00:55Z,–ù–∞–≤–∞–ª—å–Ω—ã–π LIVE,169249,20224,124,2993
278,CmB6hKFfTaw,"–ü—É—Ç–∏–Ω –ø–æ–ª–µ—Ç–µ–ª –Ω–∞ –ú–∞—Ä—Å, –∫–∞–∫ —á–∏–Ω–æ–≤–Ω–∏–∫–∏ —É–±–∏–ª–∏ –¥–µ–≤–æ—á–∫—É, ¬´–°–∞–º–∞—è –æ–ø–æ–∑–æ—Ä–∏–≤—à–∞—è—Å—è —Å—Ç—Ä–∞–Ω–∞¬ª",2019-11-28T18:21:18Z,–ù–∞–≤–∞–ª—å–Ω—ã–π LIVE,640495,49064,590,5528
279,aBz6_tigs_4,–¶–∞—Ä—å –∏ –±–æ—è—Ä–µ. –ö—Ç–æ –º–µ—à–∞–µ—Ç –ü—É—Ç–∏–Ω—É,2019-11-26T08:58:01Z,–ù–∞–≤–∞–ª—å–Ω—ã–π LIVE,524377,36389,347,4087
280,QUjjgp1M5ak,"–ù–∞–≤–∞–ª—å–Ω—ã–π –æ —Ç–æ–º, –∫–∞–∫ –ü—É—Ç–∏–Ω –∑–∞–±—ã–≤–∞–µ—Ç –æ —Å–≤–æ–∏—Ö –æ–±–µ—â–∞–Ω–∏—è—Ö",2019-11-25T10:02:38Z,–ù–∞–≤–∞–ª—å–Ω—ã–π LIVE,248295,17666,170,2145
281,bky8oRaC-aY,–ù–∞–≤–∞–ª—å–Ω—ã–π –æ —Ä–∞–∑–±—É—à–µ–≤–∞–≤—à–∏—Ö—Å—è –¥–µ–ø—É—Ç–∞—Ç–∞—Ö –ú–æ—Å–≥–æ—Ä–¥—É–º—ã,2019-11-23T10:00:07Z,–ù–∞–≤–∞–ª—å–Ω—ã–π LIVE,472856,31278,329,2913
282,sDJknPXPcnE,"–î–∞–≤–∫–∞, –ø—Ä–æ–±–∫–∏, –∫–æ–ª–ª–∞–ø—Å: –∫–∞–∫ –ü—É—Ç–∏–Ω –æ—Ç–∫—Ä—ã–≤–∞–ª –ú–¶–î",2019-11-22T12:30:03Z,–ù–∞–≤–∞–ª—å–Ω—ã–π LIVE,317630,20781,439,2102
283,N5MQQO6J0cE,"–í –ú–æ—Å–≥–æ—Ä–¥—É–º–µ –≥–æ–Ω—è—é—Ç –µ–¥–∏–Ω–æ—Ä–æ—Å—Å–æ–≤, –§–ë–ö —Å—É–¥–∏—Ç—Å—è —Å –ü—É—Ç–∏–Ω—ã–º, –∫–æ—Å–º–∏—á–µ—Å–∫–∏–µ –±–æ–≥–∞—Ç—Å—Ç–≤–∞ –†–æ–≥–æ–∑–∏–Ω–∞",2019-11-21T18:10:28Z,–ù–∞–≤–∞–ª—å–Ω—ã–π LIVE,648731,49690,641,5268
284,bDkqAB3Y1hk,–§–ë–ö –ø–æ–¥–∞—ë—Ç –≤ —Å—É–¥ –Ω–∞ –ü—É—Ç–∏–Ω–∞,2019-11-21T08:12:48Z,–ù–∞–≤–∞–ª—å–Ω—ã–π LIVE,582200,80318,1088,15076
285,UHsIFl0flMs,–ü–∞—Ç—Ä–∏–æ—Ç—ã —Å –¥–æ–º–∞–º–∏ –≤ –ï–≤—Ä–æ–ø–µ,2019-11-19T12:46:00Z,–ù–∞–≤–∞–ª—å–Ω—ã–π LIVE,753190,53512,766,4996
286,caGFoAK_EHI,–ù–∞–≤–∞–ª—å–Ω—ã–π –æ –ø—Ä–æ—Ç–∏–≤–æ—Å—Ç–æ—è–Ω–∏–∏ –ì–∞–ª–∫–∏–Ω–∞ –∏ –ø—Ä–æ–ø–∞–≥–∞–Ω–¥–∏—Å—Ç–æ–≤,2019-11-18T08:00:02Z,–ù–∞–≤–∞–ª—å–Ω—ã–π LIVE,133909,9189,99,999
287,GJ2wwXwjUEk,"–ù–∞–≤–∞–ª—å–Ω—ã–π –æ–± —É–±–∏–π—Å—Ç–≤–µ –†—É—Å–ª–∞–Ω–∞ –ü–æ–ø–æ–≤–∞ –∏ –ø–æ–ª–∏—Ü–µ–π—Å–∫–∏—Ö, —Å–∫—Ä—ã–≤—à–∏—Ö —Ç–µ–ª–æ",2019-11-17T12:00:02Z,–ù–∞–≤–∞–ª—å–Ω—ã–π LIVE,467274,29930,265,3822
288,CQXtPXVje80,–ù–∞–≤–∞–ª—å–Ω—ã–π –æ –¥–µ–ª–µ –ù–∞–ø–æ–ª–µ–æ–Ω–∞-—Ä–∞—Å—á–ª–µ–Ω–∏—Ç–µ–ª—è –û–ª–µ–≥–∞ –°–æ–∫–æ–ª–æ–≤–∞,2019-11-16T10:00:51Z,–ù–∞–≤–∞–ª—å–Ω—ã–π LIVE,721888,22600,1385,3881
289,QDOijoETBbc,–ú–∏–ª–æ–≤: —Å–æ—Ç–Ω–∏ –º–∏–ª–ª–∏–∞—Ä–¥–æ–≤ –ª—å–≥–æ—Ç –¥–ª—è –°–µ—á–∏–Ω–∞,2019-11-15T09:59:23Z,–ù–∞–≤–∞–ª—å–Ω—ã–π LIVE,65366,4990,55,621
290,nHzgjqhNMyo,"–ù–∞–ø–æ–ª–µ–æ–Ω-—Ä–∞—Å—á–ª–µ–Ω–∏—Ç–µ–ª—å, –Ω–∞ –∫–æ–ª–µ–Ω–∏ –ø–µ—Ä–µ–¥ –ú–µ–¥–≤–µ–¥–µ–≤—ã–º, –∑—É–± –†–æ–≥–æ–∑–∏–Ω–∞ ‚Äî –∫–æ—Ä—Ä—É–ø—Ü–∏—è –ü—É—Ç–∏–Ω–∞",2019-11-14T18:32:25Z,–ù–∞–≤–∞–ª—å–Ω—ã–π LIVE,780646,60595,723,7469
291,f2pSlYNRLvU,–ß–∏–Ω–æ–≤–Ω–∏–∫–∏ –∏ –∑–∞–∫–æ–Ω: –ø–æ–≤–æ–¥—ã –¥–ª—è –æ—Ç—Å—Ç–∞–≤–æ–∫ –≤ –†–æ—Å—Å–∏–∏ –∏ –º–∏—Ä–µ,2019-11-13T09:21:34Z,–ù–∞–≤–∞–ª—å–Ω—ã–π LIVE,255987,21584,100,2081
292,qjHKeVbRimM,"–ú–∞—Ä–≥–∞—Ä–∏—Ç–∞, –Ω–µ –±–æ–π—Ç–µ—Å—å, —è –≤–∞—Å –Ω–µ —Å—ä–µ–º",2019-11-12T09:33:10Z,–ù–∞–≤–∞–ª—å–Ω—ã–π LIVE,350114,36118,311,3745
293,t9PgNGlMj8Q,–ù–∞–≤–∞–ª—å–Ω—ã–π –æ –ö–∞–¥—ã—Ä–æ–≤–µ –∏ —É–≥—Ä–æ–∑–∞—Ö —É–±–∏–π—Å—Ç–≤–∞,2019-11-11T10:13:33Z,–ù–∞–≤–∞–ª—å–Ω—ã–π LIVE,438418,16460,904,2080
294,of17TWBXBi4,–ù–∞–≤–∞–ª—å–Ω—ã–π –æ –≥—Ä–æ–º–∫–æ–º –¥–µ–ø—É—Ç–∞—Ç–µ –ë–æ–Ω–¥–∞—Ä–µ–Ω–∫–æ –∏–∑ –°–∞—Ä–∞—Ç–æ–≤–∞,2019-11-10T12:01:43Z,–ù–∞–≤–∞–ª—å–Ω—ã–π LIVE,2621950,159752,2801,11167
295,gPGXdLTKDjc,–ë—é–¥–∂–µ—Ç –ú–æ—Å–∫–≤—ã. –ó–∞–¥–∞—é –≤–æ–ø—Ä–æ—Å—ã –æ —Å–æ—Ü–∏–∞–ª—å–Ω—ã—Ö —Ä–∞—Å—Ö–æ–¥–∞—Ö,2019-11-08T08:02:01Z,–ù–∞–≤–∞–ª—å–Ω—ã–π LIVE,112345,12541,92,1632
296,VZ3yLUCdOk8,–ë—É–¥–µ–º —É–±–∏–≤–∞—Ç—å —Å –ö–∞–¥—ã—Ä–æ–≤—ã–º. –†–∞–∑–≤—Ä–∞—Ç–Ω—ã–µ –¥–µ–π—Å—Ç–≤–∏—è: –ü–µ—Å–∫–æ–≤ –∏ –°–≤–µ—Ç–æ–≤. –ü—É—Ç–∏–Ω –ø—Ä–æ—Ç–∏–≤ ¬´–í–∏–∫–∏–ø–µ–¥–∏–∏¬ª,2019-11-07T18:54:41Z,–ù–∞–≤–∞–ª—å–Ω—ã–π LIVE,818791,53737,963,6052
297,n1MUtV9he50,–¶–∞—Ä—å –∏ –∫—Ä–µ–ø–æ—Å—Ç–Ω–∞—è –º–µ–¥–∏—Ü–∏–Ω–∞. –¢–∞—Ä–∞–∫–∞–Ω—ã –∏ —Ä—ç–∫–µ—Ç –≤ –æ–ª–∏–º–ø–∏–π—Å–∫–æ–π —Å—Ç–æ–ª–∏—Ü–µ,2019-11-07T11:30:34Z,–ù–∞–≤–∞–ª—å–Ω—ã–π LIVE,680643,25376,302,4316
298,59xhpI8poHM,–†–æ—Å–∫–æ–º–Ω–∞–¥–∑–æ—Ä: –Ω–∞ —á—Ç–æ —É—Ö–æ–¥—è—Ç –º–∏–ª–ª–∏–∞—Ä–¥—ã,2019-11-06T09:00:01Z,–ù–∞–≤–∞–ª—å–Ω—ã–π LIVE,454694,28877,451,2277
299,r0P4H1nsge8,üî• –ü—Ä–æ–≤–µ—Ä–∫–∞ –ú–µ—Ç–µ–ª—å—Å–∫–æ–≥–æ. –£–∂–∞—Å–Ω—ã–µ –±–æ–ª—å–Ω–∏—Ü—ã. –ö–∏—Å–µ–ª–µ–≤ –∏ –∫–æ–Ω–≤–µ–π–µ—Ä –Ω–µ–¥–æ–≤–æ–ª—å–Ω—ã—Ö,2019-11-05T20:07:20Z,–ù–∞–≤–∞–ª—å–Ω—ã–π LIVE,188338,19143,164,2016
300,Z9UFfb3-xt4,–ó–∞–≤–æ–¥ –ß–∞–π–∫–∏ —Ç—Ä–∞–≤–∏—Ç –º–æ—Å–∫–≤–∏—á–µ–π,2019-11-05T08:05:47Z,–ù–∞–≤–∞–ª—å–Ω—ã–π LIVE,157657,16076,89,2607
301,AY7mHChvGdU,–ù–∞–≤–∞–ª—å–Ω—ã–π. ¬´–ï–¥–∏–Ω–∞—è –†–æ—Å—Å–∏—è¬ª —Å–¥–æ—Ö–ª–∞,2019-11-04T10:00:03Z,–ù–∞–≤–∞–ª—å–Ω—ã–π LIVE,325349,25574,290,2110
302,9k7G97wYPqQ,–†–∞—Å—Å—Ç—Ä–µ–ª –≤ –ó–∞–±–∞–π–∫–∞–ª—å–µ. –î–µ–¥—É—à–∫–∞ –ü—É—Ç–∏–Ω –≤ –º–∞—Ä–∞–∑–º–µ. –ü—É—Ç–∏–Ω—Å–∫–∏–µ: –¢–∞—Ä–∞—Å–æ–≤ –∏ –°–∏–º–æ–Ω—å—è–Ω,2019-10-31T18:32:28Z,–ù–∞–≤–∞–ª—å–Ω—ã–π LIVE,1027780,59971,1214,7940
303,1hN78BQxSLo,–°–ª–µ–¥—Å—Ç–≤–µ–Ω–Ω—ã–π –∫–æ–º–∏—Ç–µ—Ç –º–µ–Ω—è –æ–≥—Ä–∞–±–∏–ª,2019-10-31T14:31:16Z,–ù–∞–≤–∞–ª—å–Ω—ã–π LIVE,121633,19933,85,1990
304,RA5C3KHPf4E,–ú–µ–¥–≤–µ–¥–µ–≤ –ø—Ä–æ—Å–Ω—É–ª—Å—è –∏ –æ–±–µ—â–∞–ª –Ω–∞–º —Ä–æ—Å—Ç!,2019-10-31T14:26:58Z,–ù–∞–≤–∞–ª—å–Ω—ã–π LIVE,156405,10130,175,763
305,XxGkBcJeblM,–°—É–≤–µ—Ä–µ–Ω–Ω—ã–π —Ä—É–Ω–µ—Ç: –∏–∑–æ–ª–∏—Ä—É–π –∏ –≤–ª–∞—Å—Ç–≤—É–π,2019-10-30T12:47:48Z,–ù–∞–≤–∞–ª—å–Ω—ã–π LIVE,159913,18271,108,2202
306,zWtFNHJGh04,–î–µ–ø—É—Ç–∞—Ç—ã –º–æ—á–∞—Ç –°–æ–±—è–Ω–∏–Ω–∞,2019-10-28T10:00:09Z,–ù–∞–≤–∞–ª—å–Ω—ã–π LIVE,674883,55196,385,4228
307,xpWm8Ck9HrU,–ù–∞–≤–∞–ª—å–Ω—ã–π. –ó–∞–ø—Ä–µ—â–µ–Ω–Ω—ã–π —Ä–æ–ª–∏–∫,2019-10-27T10:00:10Z,–ù–∞–≤–∞–ª—å–Ω—ã–π LIVE,1035271,83420,900,6239
308,l2DX8xk588o,–ù–∞–≤–∞–ª—å–Ω—ã–π –æ –ø—Ä–æ—â–µ–Ω–∏–∏ –¥–æ–ª–≥–æ–≤ –ê—Ñ—Ä–∏–∫–µ,2019-10-26T10:11:29Z,–ù–∞–≤–∞–ª—å–Ω—ã–π LIVE,157294,11204,171,1844
309,_xBlFvV-jjU,–†–æ—Å—Å—Ç–∞—Ç: –ú—ã —Å –≤–∞–º–∏ —Ä–µ–∑–∫–æ –±–æ–≥–∞—Ç–µ–µ–º!,2019-10-24T14:21:28Z,–ù–∞–≤–∞–ª—å–Ω—ã–π LIVE,130700,9247,99,838
310,X0tuwYQj4OU,–ü–æ–¥–∞—é –≤ —Å—É–¥ –Ω–∞ —Å–µ–º—å—é –°–∏–º–æ–Ω—å—è–Ω,2019-10-24T09:00:05Z,–ù–∞–≤–∞–ª—å–Ω—ã–π LIVE,652417,57924,1349,6329
311,bgWQ4Mka5sY,"–ü–æ–º–æ–π–∫–∞, –æ—Å—Ç–∞–Ω–æ–≤–∫–∞ –∏ –¥—Ä—É–≥–∏–µ –æ—Ç–∫—Ä—ã—Ç–∏—è —á–∏–Ω–æ–≤–Ω–∏–∫–æ–≤",2019-10-23T09:00:06Z,–ù–∞–≤–∞–ª—å–Ω—ã–π LIVE,109518,11871,76,1577
312,IRbyO2AApXs,–û –∫–æ–º –Ω–µ–ª—å–∑—è –ø–∏—Å–∞—Ç—å –≤ –°–ú–ò,2019-10-22T09:00:02Z,–ù–∞–≤–∞–ª—å–Ω—ã–π LIVE,580773,38838,549,3073
313,mvuHmfdZd1E,–ù–∞–≤–∞–ª—å–Ω—ã–π –æ –ø–µ—Ç–∏—Ü–∏–∏ –ø—Ä–æ—Ç–∏–≤ –°–æ–ª–æ–≤—å–µ–≤–∞,2019-10-21T10:00:08Z,–ù–∞–≤–∞–ª—å–Ω—ã–π LIVE,480717,34036,581,3057
314,RpR6fUNfanw,"–®–º–æ–Ω—å–∫–∞-–°–æ–ª–æ–≤—å–µ–≤, –∫—Ä–µ–º–ª–µ–≤—Å–∫–∏–µ –±–æ–º–∂–∏, —Å–∞—Ä–∞—Ç–æ–≤—Å–∫–æ–µ —É–±–∏–π—Å—Ç–≤–æ",2019-10-17T18:23:05Z,–ù–∞–≤–∞–ª—å–Ω—ã–π LIVE,710148,56769,913,7875
315,ZAGtnFdGPYg,–ü–æ–≤—ã—à–µ–Ω–∏–µ –ø–µ–Ω—Å–∏–π: –Ω–∞—Å –æ–±–º–∞–Ω—É–ª–∏,2019-10-17T14:24:10Z,–ù–∞–≤–∞–ª—å–Ω—ã–π LIVE,149329,11461,158,1024
316,NSu5Hc9m9FQ,"–ö–∞–∫ –Ω–∞ –¢–í —Å–º–µ—é—Ç—Å—è –Ω–∞–¥ –£–∫—Ä–∞–∏–Ω–æ–π, –ü–æ–ª—å—à–µ–π –∏ –ü—Ä–∏–±–∞–ª—Ç–∏–∫–æ–π",2019-10-16T12:00:08Z,–ù–∞–≤–∞–ª—å–Ω—ã–π LIVE,489092,25455,520,3576
317,wy-2DPYkV6E,–ò–Ω—Ç–µ—Ä–≤—å—é —Å –°–µ—Ä–≥–µ–µ–º –ì—É—Ä–∏–µ–≤—ã–º,2019-10-15T09:00:06Z,–ù–∞–≤–∞–ª—å–Ω—ã–π LIVE,430251,27811,447,2676
318,RI-xpzkiupg,üî• –ê—Ä–µ—Å—Ç–æ–≤–∞—Ç—å –∫–≤–∞—Ä—Ç–∏—Ä—É –ù–∞–≤–∞–ª—å–Ω–æ–≥–æ. –í—ã–±–æ—Ä—ã –Ω–µ –≤–µ—Ä–Ω—É—Ç. –ü–∞–¥–µ–Ω–∏–µ –∞–∫—Ü–∏–π ¬´–Ø–Ω–¥–µ–∫—Å–∞¬ª,2019-10-11T19:06:13Z,–ù–∞–≤–∞–ª—å–Ω—ã–π LIVE,221628,22684,286,2919
319,1RjNwRBjRJs,"–§–ë–ö ‚Äî ¬´–∏–Ω–æ—Å—Ç—Ä–∞–Ω–Ω—ã–π –∞–≥–µ–Ω—Ç¬ª, –≤–æ–∏–Ω-—à–∞–º–∞–Ω –≤–µ—Ä–Ω—É–ª—Å—è , –∑–∞–ø–ª–∞—Ç–∏—Ç—å —á–∏–Ω–æ–≤–Ω–∏–∫–∞–º –∑–∞ –∑—É–±—ã",2019-10-10T18:19:13Z,–ù–∞–≤–∞–ª—å–Ω—ã–π LIVE,569974,45561,653,5769
320,ivdgltVtj64,–í –°–ª–µ–¥—Å—Ç–≤–µ–Ω–Ω—ã–π –∫–æ–º–∏—Ç–µ—Ç –∑–∞ —à—É—Ç–∫–∏,2019-10-09T10:30:02Z,–ù–∞–≤–∞–ª—å–Ω—ã–π LIVE,528491,34377,297,1989
321,7w3KL2WMVkM,¬´–ù–∞—Å –∑–∞–∫–∞–∑–∞–ª–∏¬ª. –ö—Ç–æ —É–Ω–∏—á—Ç–æ–∂–∞–µ—Ç –±–æ–ª—å–Ω–∏—Ü—ã –∏ –≥–æ—Ä–æ–¥–∞?,2019-10-08T10:47:24Z,–ù–∞–≤–∞–ª—å–Ω—ã–π LIVE,162997,17568,89,2999
322,e9lukyTP4Y0,–¢–û–ü-5 —Ñ–µ–π–∫–æ–≤ –æ—Ç Russia Today,2019-10-07T12:00:12Z,–ù–∞–≤–∞–ª—å–Ω—ã–π LIVE,322153,23789,593,1304
323,VgLpBFCMrOI,"¬´–ö–æ–ª—ã—Ö–∞—Ç—å –∏ —Ç–µ–ª–µ–±–æ–Ω–∏—Ç—å¬ª, –º—ã –∏—Ö –¥–æ–ª–∂–Ω—ã —Ç—Ä–∞–≤–∏—Ç—å, –¥–æ—Ä–æ–≥–æ—Å—Ç–æ—è—â–∏–µ –æ–ª—É—Ö–∏",2019-10-03T18:59:15Z,–ù–∞–≤–∞–ª—å–Ω—ã–π LIVE,904666,52981,798,6180
324,BVbhJRc_bKE,–ö–∞–∫ –°–∏–º–æ–Ω—å—è–Ω —Å –ü—É—Ç–∏–Ω—ã–º –ø—Ä–æ–ø–∞–≥–∞–Ω–¥–æ–π –∑–∞–Ω–∏–º–∞–ª–∏—Å—å,2019-10-03T09:00:03Z,–ù–∞–≤–∞–ª—å–Ω—ã–π LIVE,194517,21647,363,2924
325,LsPa8u7eK8c,üî• –ß–µ–º–µ–∑–æ–≤ ‚Äî –≥–µ—Ä–æ–π –†–æ—Å—Å–∏–∏. –ó–∞–∂–∏–≥–∞—Ç—å —Å –ù–∞–≤–∞–ª—å–Ω—ã–º –Ω–∞ –º–∏—Ç–∏–Ω–≥–µ. –°–≤–æ–±–æ–¥—É –≤—Å–µ–º,2019-10-02T20:08:24Z,–ù–∞–≤–∞–ª—å–Ω—ã–π LIVE,183894,16422,149,1917
326,GCzN8sl9SP8,–ü—Ä–µ—Å—Å-–∫–æ–Ω—Ñ–µ—Ä–µ–Ω—Ü–∏—è —É–≤–æ–ª–∏–≤—à–∏—Ö—Å—è –¥–µ—Ç—Å–∫–∏—Ö –æ–Ω–∫–æ–ª–æ–≥–æ–≤ –∏–∑ –ù–ú–ò–¶ –∏–º. –ë–ª–æ—Ö–∏–Ω–∞,2019-10-02T12:50:45Z,–ù–∞–≤–∞–ª—å–Ω—ã–π LIVE,159266,14543,105,1735
327,7_H6s3ISjtk,"¬´–†–µ–ø—Ä–µ—Å—Å–∏–≤–Ω–∞—è –º–∞—à–∏–Ω–∞ —Ä–∞–±–æ—Ç–∞–µ—Ç –æ—á–µ–Ω—å —Ö–æ—Ä–æ—à–æ¬ª: –õ–∞–∑–∞—Ä–µ–≤–∞, –ê—Ä—Ç–µ–º—å–µ–≤, –ü–æ–∫—Ä–æ–≤—Å–∫–∏–π –æ ¬´–º–æ—Å–∫–æ–≤—Å–∫–æ–º –¥–µ–ª–µ¬ª",2019-09-30T13:16:47Z,–ù–∞–≤–∞–ª—å–Ω—ã–π LIVE,93582,7867,43,757
328,YZUq5Z-OZV0,–í—ã—Å—Ç—É–ø–ª–µ–Ω–∏–µ –ê–ª–µ–∫—Å–µ—è –ù–∞–≤–∞–ª—å–Ω–æ–≥–æ –Ω–∞ –º–∏—Ç–∏–Ω–≥–µ –∑–∞ —Å–≤–æ–±–æ–¥—É –ø–æ–ª–∏—Ç–∏—á–µ—Å–∫–∏–º –∑–∞–∫–ª—é—á–µ–Ω–Ω—ã–º,2019-09-29T17:58:24Z,–ù–∞–≤–∞–ª—å–Ω—ã–π LIVE,240061,29167,259,4053
329,Ulz28cp9fJ8,–ù–∞–≤–∞–ª—å–Ω—ã–π: –≤—Å–µ –Ω–µ–Ω–∞–≤–∏–¥—è—Ç –ì—Ä–µ—Ç—É –¢—É–Ω–±–µ—Ä–≥,2019-09-28T10:00:09Z,–ù–∞–≤–∞–ª—å–Ω—ã–π LIVE,299350,15795,1432,3054
330,SrnVVvv2Ws4,–ú–∏–ª–æ–≤: –ù–∞—à–∏ –Ω–µ—Ñ—Ç—è–Ω–∏–∫–∏ –¥–æ–ª–∂–Ω—ã –ö–∏—Ç–∞—é $30 –º–ª—Ä–¥,2019-09-27T10:00:06Z,–ù–∞–≤–∞–ª—å–Ω—ã–π LIVE,169191,11564,101,1480
331,uidAgUoqML0,"–í—Å–µ –Ω–µ–Ω–∞–≤–∏–¥—è—Ç –ì—Ä–µ—Ç—É –¢—É–Ω–±–µ—Ä–≥, —É–Ω–∏—á—Ç–æ–∂–∏—Ç—å ¬´–ï–¥–∏–Ω—É—é –†–æ—Å—Å–∏—é¬ª, 29.09: –û—Ç–ø—É—Å–∫–∞–π!",2019-09-26T18:28:20Z,–ù–∞–≤–∞–ª—å–Ω—ã–π LIVE,610523,45267,951,6207
332,ybDq7BiHZeU,–ü—Ä–∞–≤–∏—Ç–µ–ª—å—Å—Ç–≤–æ —Å–∫—Ä—ã–≤–∞–µ—Ç —Ä–µ—Ü–µ—Å—Å–∏—é?,2019-09-26T14:24:54Z,–ù–∞–≤–∞–ª—å–Ω—ã–π LIVE,165950,11022,110,730
333,SA-kCNR36kA,–ü—Ä–æ—Ç–∏–≤ –∑–∞–ø—É–≥–∏–≤–∞–Ω–∏—è. –ú–∏—Ç–∏–Ω–≥ 29 —Å–µ–Ω—Ç—è–±—Ä—è,2019-09-26T07:10:42Z,–ù–∞–≤–∞–ª—å–Ω—ã–π LIVE,67656,10134,83,1766
334,opAVsQStNgo,–ú–∞—Å—Ç–µ—Ä—Å—Ç–≤–æ –ø–µ—Ä–µ–æ–±—É–≤–∞–Ω–∏—è –í–ª–∞–¥–∏–º–∏—Ä–∞ –°–æ–ª–æ–≤—å–µ–≤–∞,2019-09-25T15:19:39Z,–ù–∞–≤–∞–ª—å–Ω—ã–π LIVE,598472,40266,604,3660
335,dbotSR-qBJU,"–†–ï–ù –¢–í, –¢–í –¶–µ–Ω—Ç—Ä, –ó–≤–µ–∑–¥–∞: –ª–æ–∂—å –∑–∞ –≥–æ—Å–ø–æ–¥–¥–µ—Ä–∂–∫—É",2019-09-24T06:57:53Z,–ù–∞–≤–∞–ª—å–Ω—ã–π LIVE,191412,17276,154,1509
336,r0OGhkOFsTk,"¬´–ú–æ—Å–∫–æ–≤—Å–∫–æ–µ –¥–µ–ª–æ¬ª, –Ω–æ–≤–∞—è –ú–æ—Å–≥–æ—Ä–¥—É–º–∞, –ü—É—Ç–∏–Ω –±–æ–∏—Ç—Å—è —à–∞–º–∞–Ω–∞",2019-09-19T18:23:40Z,–ù–∞–≤–∞–ª—å–Ω—ã–π LIVE,358104,28539,440,3157
337,xB2Hr184ads,"–°–ª–µ–ø–∞–∫–æ–≤, –ü–∞–ª—å, –†–∞–π–∫–∏–Ω –∏ –¥—Ä—É–≥–∏–µ –ø—Ä–æ –ø—Ä–∏–≥–æ–≤–æ—Ä –∞–∫—Ç–µ—Ä—É –£—Å—Ç–∏–Ω–æ–≤—É",2019-09-18T07:54:14Z,–ù–∞–≤–∞–ª—å–Ω—ã–π LIVE,148691,15032,102,1775
338,JykYhKswwTI,üî• –ê–∫—Ç–µ—Ä—ã –ø–æ–¥–¥–µ—Ä–∂–∞–ª–∏ –£—Å—Ç–∏–Ω–æ–≤–∞. –û–ø–ø–æ–∑–∏—Ü–∏—è –≤ –ú–æ—Å–≥–æ—Ä–¥—É–º–µ. –°–ª–æ–º–∞–ª–∏ –Ω–æ–≥—É –∏ –æ—à—Ç—Ä–∞—Ñ–æ–≤–∞–ª–∏,2019-09-17T18:33:10Z,–ù–∞–≤–∞–ª—å–Ω—ã–π LIVE,346513,35930,371,4683
339,ugd_OIt1Q3U,"–ù–∞–≤–∞–ª—å–Ω—ã–π –æ –î—É–¥–µ, –æ—Ç–∫—Ä—ã–≤–∞—é—â–µ–º –≤—Ä–∞—Ç–∞ –∞–¥–∞",2019-09-15T10:00:11Z,–ù–∞–≤–∞–ª—å–Ω—ã–π LIVE,3125501,141234,4825,9189
340,3VcvSSYH6sg,–ù–∞–≤–∞–ª—å–Ω—ã–π –æ —à–∞–º–∞–Ω–µ –∏ –≤–æ—Å—Å—Ç–∞–Ω–∏–∏ –≤ –ë—É—Ä—è—Ç–∏–∏,2019-09-14T10:00:01Z,–ù–∞–≤–∞–ª—å–Ω—ã–π LIVE,705132,34511,1005,3936
341,b8rM56NbVok,–ï—Å–ª–∏ –±—ã —è —Å—Ç–∞–ª–∞ –¥–µ–ø—É—Ç–∞—Ç–æ–º,2019-09-13T10:36:55Z,–ù–∞–≤–∞–ª—å–Ω—ã–π LIVE,139894,17863,123,1783
342,Qmd1vV_AO4k,"–†–∞–∑–Ω–µ—Å–ª–∏ –µ–¥–∏–Ω–æ—Ä–æ—Å—Å–æ–≤, –ü—É—Ç–∏–Ω —Ç–æ–ø–∞–µ—Ç –Ω–æ–∂–∫–æ–π, –î—É–¥—å ‚Äî –∏—Å—á–∞–¥–∏–µ –∞–¥–∞",2019-09-12T18:28:19Z,–ù–∞–≤–∞–ª—å–Ω—ã–π LIVE,1072320,80671,1241,11143
343,Mur0-syn0FU,–ù–∞–≤–∞–ª—å–Ω—ã–π –æ –∫–æ—Ä–æ–ª–µ –ª–∏—Ü–µ–º–µ—Ä–∏—è –∏ –ª–∂–∏,2019-09-10T10:00:07Z,–ù–∞–≤–∞–ª—å–Ω—ã–π LIVE,310753,27252,183,2131
344,Lc3dcjDaBog,–ò—Ç–æ–≥–∏ –≤—ã–±–æ—Ä–æ–≤ 8 —Å–µ–Ω—Ç—è–±—Ä—è,2019-09-10T08:52:35Z,–ù–∞–≤–∞–ª—å–Ω—ã–π LIVE,788701,64819,1065,7547
345,wmQqTwtrcps,–£–º–Ω–æ–µ –≥–æ–ª–æ—Å–æ–≤–∞–Ω–∏–µ 2019. –ü—Ä—è–º–∞—è —Ç—Ä–∞–Ω—Å–ª—è—Ü–∏—è –≤—ã–±–æ—Ä–æ–≤ 8 —Å–µ–Ω—Ç—è–±—Ä—è,2019-09-09T01:21:23Z,–ù–∞–≤–∞–ª—å–Ω—ã–π LIVE,1179712,63272,846,2331
346,xBpGi6s6rjc,–°–ø–µ—Ü—ç—Ñ–∏—Ä ¬´–†–æ—Å—Å–∏–∏ –±—É–¥—É—â–µ–≥–æ¬ª —Å –ê–ª–µ–∫—Å–µ–µ–º –ù–∞–≤–∞–ª—å–Ω—ã–º,2019-09-06T18:23:13Z,–ù–∞–≤–∞–ª—å–Ω—ã–π LIVE,541664,46907,502,5128
347,RtwYq8xnFSQ,–ó–∞–±—Ä–∞–ª–∏ –≤—Å—ë. –ü–æ—Å–ª–µ–¥—Å—Ç–≤–∏—è –æ–±—ã—Å–∫–∞ –≤ —Å—Ç—É–¥–∏–∏ ¬´–ù–∞–≤–∞–ª—å–Ω—ã–π LIVE¬ª,2019-09-06T06:00:03Z,–ù–∞–≤–∞–ª—å–Ω—ã–π LIVE,158618,21987,98,4825
348,MFXwhKE3-8w,"üî• –†–∞–∑–æ–±–ª–∞—á–µ–Ω–∏–µ –≤—ã–±–æ—Ä–æ–≤. 4,5 –≥–æ–¥–∞ –∑–∞ –º–∏—Ç–∏–Ω–≥–∏. –ú–µ–¥–∏–Ω—Å–∫–∏–π –ø—Ä–æ—Ç–∏–≤ –∫–æ–º–∏–∫—Å–æ–≤",2019-09-04T21:34:06Z,–ù–∞–≤–∞–ª—å–Ω—ã–π LIVE,161900,19061,244,2172
349,KFUBqqlIVQU,–õ—é–±–æ–≤—å –°–æ–±–æ–ª—å –æ–± ¬´–£–º–Ω–æ–º –≥–æ–ª–æ—Å–æ–≤–∞–Ω–∏–∏¬ª,2019-09-03T13:07:36Z,–ù–∞–≤–∞–ª—å–Ω—ã–π LIVE,83215,12766,181,1784
350,Gv1inemgb9E,"–ù–∞–≤–∞–ª—å–Ω—ã–π –æ –ø–æ–ª–∏—Ü–µ–π—Å–∫–∏—Ö, –∏–∑–Ω–∞—Å–∏–ª–æ–≤–∞–≤—à–∏—Ö –¥–µ–≤—É—à–∫—É",2019-09-02T12:00:02Z,–ù–∞–≤–∞–ª—å–Ω—ã–π LIVE,310532,23823,236,2381
351,QpgkxFyBoFA,"–ë–æ–ª—å—à–æ–π —Ä–µ–ø–æ—Ä—Ç–∞–∂ –∏–∑ –®–∏–µ—Å–∞: ¬´–≠—Ç–æ –≤—Å–µ —Ä–∞–≤–Ω–æ —Å–º–µ—Ä—Ç—å, —Ç–æ–ª—å–∫–æ –ø–æ–∑–∂–µ¬ª",2019-09-02T07:00:13Z,–ù–∞–≤–∞–ª—å–Ω—ã–π LIVE,292973,31070,106,4460
352,mFfKnMg2478,üî• –û—Ç–º–µ–Ω–∞ –∫–æ–Ω—Ü–µ—Ä—Ç–æ–≤ –§–µ–π—Å–∞. –ö–∞–∑–∞–∫–∏ –ø—Ä–æ—Ç–∏–≤ –º–∏—Ç–∏–Ω–≥–æ–≤. –ü–æ–∑–æ—Ä –Ω–∞ –≤—ã–±–æ—Ä–∞—Ö –≤ –°–∞–Ω–∫—Ç-–ü–µ—Ç–µ—Ä–±—É—Ä–≥–µ,2019-08-30T20:54:39Z,–ù–∞–≤–∞–ª—å–Ω—ã–π LIVE,262916,28412,292,3351
353,3hrX6VYRMts,–ú–∏–ª–æ–≤ –æ–± ¬´–£–º–Ω–æ–º –≥–æ–ª–æ—Å–æ–≤–∞–Ω–∏–∏¬ª,2019-08-30T10:00:01Z,–ù–∞–≤–∞–ª—å–Ω—ã–π LIVE,57376,6930,85,947
354,Rm6aa_7niP0,"–ë—å–µ–º –∫—É–≤–∞–ª–¥–æ–π –µ–¥–∏–Ω–æ—Ä–æ—Å—Å–æ–≤, –ü—É—Ç–∏–Ω –æ—Ç–Ω–∏–º–∞–µ—Ç –¥–µ—Ç–µ–π, –ø–æ–ª–∏—Ü–µ–π—Å–∫–∏–µ-–Ω–∞—Å–∏–ª—å–Ω–∏–∫–∏",2019-08-29T18:39:46Z,–ù–∞–≤–∞–ª—å–Ω—ã–π LIVE,572435,44838,482,4813
355,DtjqXmXj1cM,–ê–±—Å—É—Ä–¥–Ω—ã–µ –∏—Å–∫–∏ –∏ –¥–∞–≤–ª–µ–Ω–∏–µ –Ω–∞ –ø—Ä–æ—Ç–µ—Å—Ç—É—é—â–∏—Ö,2019-08-29T15:00:02Z,–ù–∞–≤–∞–ª—å–Ω—ã–π LIVE,122829,13628,45,1093
356,vkcezARUFtU,–ü—É—Ç–∏–Ω—Å–∫–∏–π —Ç—É–ø–∏–∫,2019-08-29T14:31:12Z,–ù–∞–≤–∞–ª—å–Ω—ã–π LIVE,210060,18127,217,1462
357,yQF2BAzGo2Q,üî• –°–æ–±—è–Ω–∏–Ω –∏ –∫–æ—Ä—Ä—É–ø—Ü–∏—è –≤ –ú–æ—Å–∫–≤–µ. –û—Ç–Ω—è—Ç—å –¥–µ—Ç–µ–π –∑–∞ –º–∏—Ç–∏–Ω–≥. –ü—É—Ç–∏–Ω –±–µ—Å–ø–æ–∫–æ–∏—Ç—Å—è –æ –∑–∞—Ä–ø–ª–∞—Ç–∞—Ö,2019-08-27T18:33:18Z,–ù–∞–≤–∞–ª—å–Ω—ã–π LIVE,221547,30168,137,2978
358,w4tg0AA5sKs,–í—ã–∑—ã–≤–∞—é –í–∞–ª–µ—Ä–∏—é –ö–∞—Å–∞–º–∞—Ä—É –∏–∑ –∫–æ–º–∞–Ω–¥—ã –°–æ–±—è–Ω–∏–Ω–∞ –Ω–∞ –¥–µ–±–∞—Ç—ã,2019-08-26T08:03:07Z,–ù–∞–≤–∞–ª—å–Ω—ã–π LIVE,264744,34062,290,4913
359,ekxh_bYljVY,¬´–î–µ–ª–æ 27 –∏—é–ª—è¬ª: –∑–∞ —á—Ç–æ —Ö–æ—Ç—è—Ç –ø–æ—Å–∞–¥–∏—Ç—å 15 —á–µ–ª–æ–≤–µ–∫?,2019-08-24T08:45:43Z,–ù–∞–≤–∞–ª—å–Ω—ã–π LIVE,246270,30339,171,4512
360,BqH7T5ebS4M,–ü—Ä–æ–≤–µ—Ä—è–ª –∂—É–ª–∏–∫ –≤–æ—Ä–∞,2019-08-23T08:00:00Z,–ù–∞–≤–∞–ª—å–Ω—ã–π LIVE,402822,47271,269,5210
361,zrSHnBObrXQ,–°–µ—Ä–≥—É–Ω–∏–Ω–∞ –æ–±—è–∑–∞–Ω–∞ –æ—Ç–≤–µ—Ç–∏—Ç—å,2019-08-16T11:20:06Z,–ù–∞–≤–∞–ª—å–Ω—ã–π LIVE,462268,63482,303,8261
362,dgZWbxa385Q,"¬´–£–º–Ω–æ–µ –≥–æ–ª–æ—Å–æ–≤–∞–Ω–∏–µ¬ª, –∞—Ä–µ—Å—Ç—ã –∫–∞–Ω–¥–∏–¥–∞—Ç–æ–≤ –∏ –≤—Å—è –†–æ—Å—Å–∏—è –∑–∞ –ú–æ—Å–∫–≤—É",2019-08-15T18:45:00Z,–ù–∞–≤–∞–ª—å–Ω—ã–π LIVE,315348,27839,322,3057
363,AM9zYdPNeoM,–°–ª–µ–¥—Å—Ç–≤–µ–Ω–Ω—ã–π –∫–æ–º–∏—Ç–µ—Ç –æ–≥—Ä–∞–±–∏–ª —Å–æ—Ç—Ä—É–¥–Ω–∏–∫–∞ –§–ë–ö,2019-08-14T14:34:27Z,–ù–∞–≤–∞–ª—å–Ω—ã–π LIVE,484688,61542,450,7830
364,azwHIs6UE5s,–û–ú–û–ù –≤—Ä—ã–≤–∞–µ—Ç—Å—è –∫ –õ—é–±–æ–≤–∏ –°–æ–±–æ–ª—å –ø–µ—Ä–µ–¥ –º–∏—Ç–∏–Ω–≥–æ–º,2019-08-10T14:09:46Z,–ù–∞–≤–∞–ª—å–Ω—ã–π LIVE,353331,44821,381,6835
365,Uf158y0EbNE,–ú–∏—Ç–∏–Ω–≥ –∑–∞ –¥–æ–ø—É—Å–∫ –Ω–∞ –≤—ã–±–æ—Ä—ã –Ω–µ–∑–∞–≤–∏—Å–∏–º—ã—Ö –∫–∞–Ω–¥–∏–¥–∞—Ç–æ–≤. –ü—Ä—è–º–æ–π —ç—Ñ–∏—Ä. 03.08,2019-08-03T15:39:41Z,–ù–∞–≤–∞–ª—å–Ω—ã–π LIVE,909611,50649,967,3540
366,1uQJZVawvVA,"–£–≥–æ–ª–æ–≤–Ω—ã–µ –¥–µ–ª–∞, –º–∏–ª–ª–∏–∞—Ä–¥—ã –°–µ—Ä–≥—É–Ω–∏–Ω–æ–π –∏ —Å—É–±–±–æ—Ç–Ω–∏–π –º–∏—Ç–∏–Ω–≥",2019-08-01T17:29:07Z,–ù–∞–≤–∞–ª—å–Ω—ã–π LIVE,314931,32386,325,3898
367,fcSQlCluaf4,–ü—Ä–æ—Ç–µ—Å—Ç—ã –≤ –ú–æ—Å–∫–≤–µ. –ß—Ç–æ –¥–∞–ª—å—à–µ?,2019-07-30T09:45:54Z,–ù–∞–≤–∞–ª—å–Ω—ã–π LIVE,1713681,170749,6011,44963
368,Ap-2-7L7O3I,–ú–∏—Ç–∏–Ω–≥ –∑–∞ –¥–æ–ø—É—Å–∫ –Ω–∞ –≤—ã–±–æ—Ä—ã –Ω–µ–∑–∞–≤–∏—Å–∏–º—ã—Ö –∫–∞–Ω–¥–∏–¥–∞—Ç–æ–≤. –ü—Ä—è–º–æ–π —ç—Ñ–∏—Ä. 27.07,2019-07-27T15:49:16Z,–ù–∞–≤–∞–ª—å–Ω—ã–π LIVE,1339823,87384,1677,8405
369,nYlc8cfSd3I,"–ú–µ–¥–∏–Ω—Å–∫–∏–π: –¥–∏–ª–µ—Ç–∞–Ω—Ç, —Å—Ç–∞–≤—à–∏–π –º–∏–Ω–∏—Å—Ç—Ä–æ–º",2019-07-24T14:11:35Z,–ù–∞–≤–∞–ª—å–Ω—ã–π LIVE,314272,35421,440,2819
370,MeZsg-Vbkvg,"–ú–µ–¥–∏–∫–∏ –Ω–∞ —Ç—é—Ä–µ–º–Ω—ã—Ö –º–∞—Ç—Ä–∞—Å–∞—Ö, –∞ —É –ü—É—Ç–∏–Ω–∞ –≤—Å—ë —Ö–æ—Ä–æ—à–æ",2019-07-24T09:30:00Z,–ù–∞–≤–∞–ª—å–Ω—ã–π LIVE,1726026,108521,1972,19054
371,b7dYzl5GqgE,–í—Å—Ç—Ä–µ—á–∞ –ü–∞–º—Ñ–∏–ª–æ–≤–æ–π —Å –Ω–µ–∑–∞–≤–∏—Å–∏–º—ã–º–∏ –∫–∞–Ω–¥–∏–¥–∞—Ç–∞–º–∏ –≤ –ú–æ—Å–≥–æ—Ä–¥—É–º—É. –ü—Ä—è–º–æ–π —ç—Ñ–∏—Ä,2019-07-23T15:13:20Z,–ù–∞–≤–∞–ª—å–Ω—ã–π LIVE,452798,31139,426,4412
372,qKpq78wDoI8,"–ù–∞–≤–∞–ª—å–Ω—ã–π –æ —Ä–æ—Å–≥–≤–∞—Ä–¥–µ–π—Ü–∞—Ö, –ø–æ–¥–∫–∏–Ω—É–≤—à–∏—Ö –Ω–∞—Ä–∫–æ—Ç–∏–∫–∏",2019-07-23T09:00:09Z,–ù–∞–≤–∞–ª—å–Ω—ã–π LIVE,122130,11539,77,874
373,bo0MykVGCzU,–ó–∞ –ø—Ä–∞–≤–æ –Ω–∞ –≤—ã–±–æ—Ä. –ü—Ä—è–º–∞—è —Ç—Ä–∞–Ω—Å–ª—è—Ü–∏—è –º–∏—Ç–∏–Ω–≥–∞,2019-07-20T13:05:37Z,–ù–∞–≤–∞–ª—å–Ω—ã–π LIVE,698027,56619,1121,6901
374,TmZ2u4KNVFE,–ö–∞–∫ –≤–ª–∞—Å—Ç—å –±–æ—Ä–µ—Ç—Å—è —Å –µ–¥–æ–π,2019-07-19T08:00:03Z,–ù–∞–≤–∞–ª—å–Ω—ã–π LIVE,112254,9738,100,924
375,_0uaEPAHnn4,–ù–∞–º –Ω–µ –Ω—Ä–∞–≤–∏—Ç—Å—è –±–µ–∑–∑–∞–∫–æ–Ω–∏–µ. –°—Ç–∞–Ω—Ü–µ–≤–∞–ª–∞ –∏ –æ—Å–∫–æ—Ä–±–∏–ª–∞. –ú–∞—Å–∫ vs. –ü—É—Ç–∏–Ω,2019-07-18T18:23:02Z,–ù–∞–≤–∞–ª—å–Ω—ã–π LIVE,754336,61349,983,7933
376,O_fwVWgHakw,–ß—Ç–æ –ø–æ–ª—É—á–∞—é—Ç —Å–ø–æ—Ä—Ç—Å–º–µ–Ω—ã –∏ –∞—Ä—Ç–∏—Å—Ç—ã –∑–∞ –ø—É–±–ª–∏—á–Ω—É—é –ø–æ–¥–¥–µ—Ä–∂–∫—É –≤–ª–∞—Å—Ç–∏,2019-07-17T16:11:35Z,–ù–∞–≤–∞–ª—å–Ω—ã–π LIVE,1297353,45697,1062,5495
377,ggTfMqzfDsc,–ó–∞—Å–µ–¥–∞–Ω–∏–µ –∏–∑–±–∏—Ä–∞—Ç–µ–ª—å–Ω–æ–π –∫–æ–º–∏—Å—Å–∏–∏ –æ –¥–æ–ø—É—Å–∫–µ –õ—é–±–æ–≤–∏ –°–æ–±–æ–ª—å –Ω–∞ –≤—ã–±–æ—Ä—ã –≤ –ú–æ—Å–≥–æ—Ä–¥—É–º—É,2019-07-16T16:35:48Z,–ù–∞–≤–∞–ª—å–Ω—ã–π LIVE,616281,59589,904,15464
378,6G-FyGXRk7g,–û–Ω–∏ –Ω–∞—Å—Ç–æ—è—â–∏–µ: –∏–∑–±–∏—Ä–∞—Ç–µ–ª–∏ –ø–æ–¥—Ç–≤–µ—Ä–∂–¥–∞—é—Ç –ø–æ–¥–ø–∏—Å–∏ –∑–∞ –õ—é–±–æ–≤—å –°–æ–±–æ–ª—å,2019-07-15T16:22:34Z,–ù–∞–≤–∞–ª—å–Ω—ã–π LIVE,229908,35878,254,4845
379,drF47VmvILk,¬´–î–æ–ø—É—Å–∫–∞–π!¬ª: –º–æ—Å–∫–≤–∏—á–∏ —Ç—Ä–µ–±—É—é—Ç —á–µ—Å—Ç–Ω—ã—Ö –≤—ã–±–æ—Ä–æ–≤,2019-07-15T08:29:17Z,–ù–∞–≤–∞–ª—å–Ω—ã–π LIVE,356419,41715,336,6464
380,oArhw-fBd8w,–ù–∞–º –Ω—É–∂–Ω—ã —ç—Ç–∏ –∫–∞–Ω–¥–∏–¥–∞—Ç—ã! –ì—Ä—É–∑–∏–Ω—Å–∫–∏–π –∂—É—Ä–Ω–∞–ª–∏—Å—Ç –∏ –º–∞–º–∞ –ü—É—Ç–∏–Ω–∞. –î–≤–æ—Ä–µ—Ü –°–µ—á–∏–Ω–∞,2019-07-11T18:41:31Z,–ù–∞–≤–∞–ª—å–Ω—ã–π LIVE,820626,50048,1117,7157
381,sDYIn30ojFk,–ö–∞–∫ ¬´–í–ö–æ–Ω—Ç–∞–∫—Ç–µ¬ª –ø–æ–¥—Ä—É–∂–∏–ª—Å—è —Å –ö—Ä–µ–º–ª–µ–º,2019-07-10T18:10:06Z,–ù–∞–≤–∞–ª—å–Ω—ã–π LIVE,1477354,84808,1196,5825
382,D8s2IhlPqKY,¬´–í —á–µ–º –ø—Ä–æ–±–ª–µ–º–∞?¬ª. –û—Ç–≤–µ—Ç –ú–µ—Ç–µ–ª—å—Å–∫–æ–≥–æ –Ω–∞ —Ä–∞—Å—Å–ª–µ–¥–æ–≤–∞–Ω–∏–µ –§–ë–ö,2019-07-08T15:21:48Z,–ù–∞–≤–∞–ª—å–Ω—ã–π LIVE,640228,45416,341,3784
383,pgZjV1wY3lI,–û—Ç–≤–µ—Ç –ú–µ—Ç–µ–ª—å—Å–∫–æ–º—É. –ù–∞–≤–æ–¥–Ω–µ–Ω–∏–µ –≤ –ò—Ä–∫—É—Ç—Å–∫–µ. –û–±—Ä–∞—â–µ–Ω–∏–µ –∫ –ü–∞–º—Ñ–∏–ª–æ–≤–æ–π,2019-07-04T18:24:22Z,–ù–∞–≤–∞–ª—å–Ω—ã–π LIVE,337927,23903,558,3178
384,TF61cN5mpLY,–ö—Ç–æ –≤—Ä–µ–¥–Ω–µ–µ: –∏–Ω–æ–ø–ª–∞–Ω–µ—Ç—è–Ω–µ –∏–ª–∏ —á–∏–Ω–æ–≤–Ω–∏–∫–∏?,2019-07-03T14:00:56Z,–ù–∞–≤–∞–ª—å–Ω—ã–π LIVE,172996,15428,265,1018
385,3KtAFkn2DF8,–†–µ–∞–∫—Ü–∏—è —á–∏–Ω–æ–≤–Ω–∏–∫–æ–≤ –Ω–∞ —Ä–∞—Å—Å–ª–µ–¥–æ–≤–∞–Ω–∏—è –§–ë–ö,2019-07-02T14:38:22Z,–ù–∞–≤–∞–ª—å–Ω—ã–π LIVE,1127192,88076,874,7457
386,b3ScPyZaYJ4,–ù–∞–≤–∞–ª—å–Ω—ã–π –æ –¥–µ–ª–µ —Å–µ—Å—Ç–µ—Ä –•–∞—á–∞—Ç—É—Ä—è–Ω,2019-06-30T10:00:04Z,–ù–∞–≤–∞–ª—å–Ω—ã–π LIVE,380877,20341,1183,3294
387,_0_kk-CPTJw,–†—É—Å—Å–∫–∏–µ –∑–∞–ø–ª–∞—Ç—è—Ç –∑–∞ –≥—Ä—É–∑–∏–Ω. –°–µ—Å—Ç—Ä—ã –•–∞—á–∞—Ç—É—Ä—è–Ω. –ú–æ—Å–∫–æ–≤—Å–∫–∏–π –æ—Ç—Ä–∞–≤–∏—Ç–µ–ª—å,2019-06-27T18:32:16Z,–ù–∞–≤–∞–ª—å–Ω—ã–π LIVE,794852,53512,1609,6752
388,b5p2t__izcc,–ö—É–¥–∞ –∏ –∫–æ–º—É —É—Ö–æ–¥–∏—Ç –±—é–¥–∂–µ—Ç –ú–æ—Å–∫–≤—ã,2019-06-25T18:08:07Z,–ù–∞–≤–∞–ª—å–Ω—ã–π LIVE,159470,15137,115,1288
389,b1korPEhf8M,–ù–∞–ø–∞–¥–µ–Ω–∏—è –Ω–∞ —Å–±–æ—Ä—â–∏–∫–æ–≤ –ø–æ–¥–ø–∏—Å–µ–π –õ—é–±–æ–≤–∏ –°–æ–±–æ–ª—å. –û—Ç–≤–µ—Ç–∏–º ¬´–ï–¥–∏–Ω–æ–π –†–æ—Å—Å–∏–∏¬ª –≤–º–µ—Å—Ç–µ,2019-06-24T16:38:56Z,–ù–∞–≤–∞–ª—å–Ω—ã–π LIVE,151158,19737,371,2394
390,v6jGaOQDmCM,–ù–∞–≤–∞–ª—å–Ω—ã–π –æ –∫–æ–Ω—Ñ–ª–∏–∫—Ç–µ —Å —Ü—ã–≥–∞–Ω–∞–º–∏ –≤ –ß–µ–º–æ–¥–∞–Ω–æ–≤–∫–µ,2019-06-24T09:59:18Z,–ù–∞–≤–∞–ª—å–Ω—ã–π LIVE,251021,13223,275,1835
391,p41gGPVO3oQ,–ù–∞–≤–∞–ª—å–Ω—ã–π –æ –ü—É—Ç–∏–Ω–µ –∏–∑ –±–∞–Ω–¥—ã 90-—Ö,2019-06-23T10:00:07Z,–ù–∞–≤–∞–ª—å–Ω—ã–π LIVE,340670,21169,439,2081
392,pX1SlnnnLXY,–¶–∏—Ä–∫-—à–∞–ø–∏—Ç–æ –æ—Ç –ü—É—Ç–∏–Ω–∞. –°–∞–º–æ–≤—ã–¥–≤–∏–∂–µ–Ω—Ü—ã –æ—Ç ¬´–ï–¥–∏–Ω–æ–π –†–æ—Å—Å–∏–∏¬ª. –¶—ã–≥–∞–Ω–µ –≤ –ß–µ–º–æ–¥–∞–Ω–æ–≤–∫–µ,2019-06-20T17:20:10Z,–ù–∞–≤–∞–ª—å–Ω—ã–π LIVE,979738,63102,1744,8505
393,QbiVo9KlKV4,–ü—Ä—è–º–∞—è –ª–∏–Ω–∏—è –ü—É—Ç–∏–Ω–∞ —Å –∫–æ–º–º–µ–Ω—Ç–∞—Ä–∏—è–º–∏,2019-06-20T14:31:46Z,–ù–∞–≤–∞–ª—å–Ω—ã–π LIVE,694191,36244,10294,3480
394,aUx6T6QDn0k,–ö–∞–∫ –≤–ª–∞—Å—Ç—å –¥–∞–≤–∏—Ç –Ω–∞ –ø–æ–¥—Ä–æ—Å—Ç–∫–æ–≤,2019-06-18T10:20:55Z,–ù–∞–≤–∞–ª—å–Ω—ã–π LIVE,176894,16873,188,1994
395,j6YPR5sTFY4,"–ú–µ–¥–≤–µ–¥–µ–≤, –í–æ—Ä–æ–±—å–µ–≤, –†–æ—Ç–µ–Ω–±–µ—Ä–≥ –∏ –°–æ–±—è–Ω–∏–Ω —É–Ω–∏—á—Ç–æ–∂–∞—é—Ç –õ–æ—Å–∏–Ω—ã–π –æ—Å—Ç—Ä–æ–≤",2019-06-17T13:29:49Z,–ù–∞–≤–∞–ª—å–Ω—ã–π LIVE,222646,16188,270,2100
396,UXIk7ZrXUlc,"–ù–∞–≤–∞–ª—å–Ω—ã–π –æ —Ä–æ—Å—Å–∏—è–Ω–∞—Ö, –∫–æ—Ç–æ—Ä—ã–µ –ø—Ä–æ—Å—è—Ç —É–±–µ–∂–∏—â–µ –≤ –ö–∞–Ω–∞–¥–µ",2019-06-15T10:00:04Z,–ù–∞–≤–∞–ª—å–Ω—ã–π LIVE,281099,19408,276,2457
397,2_s_XyFPVJ4,–î–µ–ª–æ –ì–æ–ª—É–Ω–æ–≤–∞. –ö–∞–∫ –ø–µ—Ä–µ–æ–±—É–≤–∞–ª–∏—Å—å –ø—Ä–æ–ø–∞–≥–∞–Ω–¥–∏—Å—Ç—ã,2019-06-14T14:34:26Z,–ù–∞–≤–∞–ª—å–Ω—ã–π LIVE,263392,17114,196,1197
398,SsCaJoeNBjY,–î–µ–ª–æ –∏ –º–∏—Ç–∏–Ω–≥ –ì–æ–ª—É–Ω–æ–≤–∞. –ö–∞–¥—ã—Ä–æ–≤ –ª–æ–º–∞–µ—Ç –ø–∞–ª—å—Ü—ã. –ú—ã —É–µ–¥–µ–º –æ—Ç –≤–∞—Å –≤ –ö–∞–Ω–∞–¥—É,2019-06-13T18:33:55Z,–ù–∞–≤–∞–ª—å–Ω—ã–π LIVE,898081,54942,1094,6747
399,0cpriRg1jmw,–ö–æ–º–º–µ–Ω—Ç–∞—Ä–∏–π –ò–≤–∞–Ω–∞ –ì–æ–ª—É–Ω–æ–≤–∞ –ø–æ—Å–ª–µ –æ—Å–≤–æ–±–æ–∂–¥–µ–Ω–∏—è,2019-06-11T20:07:39Z,–ù–∞–≤–∞–ª—å–Ω—ã–π LIVE,156419,18132,107,1829
400,82j_AlcBSlI,–û–±—Ä–∞—â–µ–Ω–∏–µ –õ—é–±–æ–≤–∏ –°–æ–±–æ–ª—å –∫ –ú–∞—Ä–≥–∞—Ä–∏—Ç–µ –°–∏–º–æ–Ω—å—è–Ω,2019-06-10T12:52:51Z,–ù–∞–≤–∞–ª—å–Ω—ã–π LIVE,873605,80652,3902,12545
401,U-vq8ieWLoo,–ù–∞–≤–∞–ª—å–Ω—ã–π –æ –Ω–∞–µ–∑–¥–µ –≤–ª–∞—Å—Ç–∏ –Ω–∞ BadComedian,2019-06-08T10:00:08Z,–ù–∞–≤–∞–ª—å–Ω—ã–π LIVE,139029,10642,162,630
402,HZnVXPreOgA,"–ó–∞—è–≤–ª–µ–Ω–∏—è –î—É–¥—è, –¢–∏–º—á–µ–Ω–∫–æ, –í–µ–Ω–µ–¥–∏–∫—Ç–æ–≤–∞ –∏ –®–µ–Ω–¥–µ—Ä–æ–≤–∏—á–∞ –≤ –ø–æ–¥–¥–µ—Ä–∂–∫—É –∂—É—Ä–Ω–∞–ª–∏—Å—Ç–∞-—Ä–∞—Å—Å–ª–µ–¥–æ–≤–∞—Ç–µ–ª—è",2019-06-07T18:58:28Z,–ù–∞–≤–∞–ª—å–Ω—ã–π LIVE,359049,26685,301,2363
403,xoLb20V3pmU,"¬´–û–Ω–∏ –∏ –≤ —Ä–µ–≥–∏–æ–Ω–∞—Ö –Ω–∏—á–µ–≥–æ –Ω–µ –¥–µ–ª–∞—é—Ç, –∏ –≤ –ú–æ—Å–∫–≤–µ¬ª. –ü–µ–Ω—Ç—Ö–∞—É—Å—ã —Å–µ–º—å–∏ –ë–∏—Ä—é–∫–æ–≤–∞ –≤–º–µ—Å—Ç–æ –∫–∞–ø—Ä–µ–º–æ–Ω—Ç–∞",2019-06-07T12:06:28Z,–ù–∞–≤–∞–ª—å–Ω—ã–π LIVE,161222,11728,156,1080
404,KpCR13jeFR0,–ù–∞–µ–∑–¥ –Ω–∞ BadComedian. –ì—É–±–µ—Ä–Ω–∞—Ç–æ—Ä –Ω–µ –≤—ã–ª–µ–∑–∞–µ—Ç –∏–∑ –ü–∞—Ä–∏–∂–∞. –í—ã–±–æ—Ä—ã: –≥–æ–Ω–∫–∞ –Ω–∞—á–∞–ª–∞—Å—å,2019-06-06T18:27:20Z,–ù–∞–≤–∞–ª—å–Ω—ã–π LIVE,838362,49962,793,5293
405,oBqA2Nnix-A,–ù–∞–≤–∞–ª—å–Ω—ã–π –æ —Ä–µ–∞–∫—Ü–∏–∏ –ø—Ä–æ–ø–∞–≥–∞–Ω–¥–∏—Å—Ç–æ–≤ –Ω–∞ —Å–µ—Ä–∏–∞–ª ¬´–ß–µ—Ä–Ω–æ–±—ã–ª—å¬ª,2019-06-02T10:00:12Z,–ù–∞–≤–∞–ª—å–Ω—ã–π LIVE,612578,28047,1608,3378
406,3OSsdGWqaVQ,–°–º–µ—Ä—Ç—å –ì—É–ª—å–Ω–∞–∑ | –°–º–∏—Ä–Ω–æ–≤,2019-06-01T20:57:43Z,–ù–∞–≤–∞–ª—å–Ω—ã–π LIVE,64724,5375,119,762
407,WVirV0BCjns,"–ù–∞–≤–∞–ª—å–Ω—ã–π –æ —Ç–æ–º, –∫–∞–∫ –¥–æ—á—å –ü—É—Ç–∏–Ω–∞ —Å—Ç–∞–ª–∞ –∫–∞–Ω–¥–∏–¥–∞—Ç–æ–º –Ω–∞—É–∫",2019-06-01T10:00:08Z,–ù–∞–≤–∞–ª—å–Ω—ã–π LIVE,193179,11673,194,1400
408,luB2-vL4gJ8,–ù–∞–≤–∞–ª—å–Ω—ã–π —á–µ—Å—Ç–Ω–æ –æ –ó–µ–ª–µ–Ω—Å–∫–æ–º,2019-05-27T10:00:07Z,–ù–∞–≤–∞–ª—å–Ω—ã–π LIVE,2921308,65421,4614,6593
409,81_oWvG3jds,–ù–∞–≤–∞–ª—å–Ω—ã–π: ¬´‚Äé–ú—ç—Ä–∏—è —Ä–∞—Å—á–µ—Ö–ª–∏–ª–∞ –ú–∞—à–∫–æ–≤–∞¬ª‚Äé,2019-05-26T10:00:00Z,–ù–∞–≤–∞–ª—å–Ω—ã–π LIVE,890367,38233,844,5665
410,AJaIryV0oy4,"–ó–µ–ª–µ–Ω—Å–∫–∏–π: –ø–ª–æ—Ö–æ–π –∏–ª–∏ —Ö–æ—Ä–æ—à–∏–π? ¬´–Ø –≤–∞—Å —É–±—å—é, –≤—ã –ø–æ–π–º–∏—Ç–µ¬ª. –†—É—Å—Å–∫–∏–µ –Ω–µ —Å–¥–∞—é—Ç—Å—è",2019-05-23T18:25:17Z,–ù–∞–≤–∞–ª—å–Ω—ã–π LIVE,913734,49944,1182,5915
411,0x2Fl-KB0uo,¬´–í–µ—Ä–Ω–∏—Å–∞–∂ –≤ –ò–∑–º–∞–π–ª–æ–≤–æ¬ª: –∫–∞–∫ –°–æ–±—è–Ω–∏–Ω –ø—ã—Ç–∞–µ—Ç—Å—è —É–Ω–∏—á—Ç–æ–∂–∏—Ç—å –º–∞–ª—ã–π –±–∏–∑–Ω–µ—Å,2019-05-22T10:24:42Z,–ù–∞–≤–∞–ª—å–Ω—ã–π LIVE,99026,8772,95,1069
412,1bol66zwKhI,"–í–µ—Å—å –º–∏—Ä —Å–º–µ–µ—Ç—Å—è –Ω–∞–¥ –ü—É—Ç–∏–Ω—ã–º: —Å–µ—Ä–∏–∞–ª—ã, –∫–æ–º–∏–∫—Å—ã, —Ç–≤-—à–æ—É",2019-05-20T13:17:08Z,–ù–∞–≤–∞–ª—å–Ω—ã–π LIVE,616397,36748,3554,3375
413,SSdGoJctUyA,üî• –ë–æ—Ä—å–±–∞ –∑–∞ —Å–∫–≤–µ—Ä –∏ —Å–≤–æ–±–æ–¥—É –≤ –ï–∫–∞—Ç–µ—Ä–∏–Ω–±—É—Ä–≥–µ. –ß–∏–Ω–æ–≤–Ω–∏–∫–∏-—Ä–∞–∑–≥–∏–ª—å–¥—è–∏. –®—Ç—Ä–∞—Ñ –∑–∞ ¬´–ü—É—Ç–∏–Ω *****¬ª,2019-05-14T21:34:19Z,–ù–∞–≤–∞–ª—å–Ω—ã–π LIVE,161611,14638,261,1876
414,z31uqd_ujs0,–ü–æ–≤–∞—Ä –ü—É—Ç–∏–Ω–∞ –æ—Ä–≥–∞–Ω–∏–∑–æ–≤–∞–ª –∫—Ä—É–≥–ª–æ—Å—É—Ç–æ—á–Ω—É—é —Å–ª–µ–∂–∫—É –∑–∞ –°–æ–±–æ–ª—å,2019-05-14T15:14:12Z,–ù–∞–≤–∞–ª—å–Ω—ã–π LIVE,281655,27168,248,3811
415,CdDd-0qDA-k,–ú–∏–ª–æ–≤ –≥–ª–∞–≤–µ ¬´–ú–∏—Ä–∞—Ç–æ—Ä–≥–∞¬ª –õ–∏–Ω–Ω–∏–∫—É: –ö—Ç–æ –∑–¥–µ—Å—å –±–∞–ª–∞–±–æ–ª?,2019-05-06T11:18:27Z,–ù–∞–≤–∞–ª—å–Ω—ã–π LIVE,106690,8457,64,1026
416,rK7XwLo2nD8,–ö–∞–∫ –ø—Ä–∏–¥—É–º–∞—Ç—å —É–±–∏–π—Å—Ç–≤–æ | –°–º–∏—Ä–Ω–æ–≤,2019-05-04T20:57:44Z,–ù–∞–≤–∞–ª—å–Ω—ã–π LIVE,70923,6441,218,554
417,IFtJUo-UTL4,–°–∏–º–≤–æ–ª—ã –†–æ—Å—Å–∏–∏ ‚Äî —Ä–∞–∑—Ä—É—Ö–∞ –∏ —Å–∫–∞–∑–æ—á–Ω—ã–π *******. –ü–∞—Ü–∏–µ–Ω—Ç—ã –≥–æ—Ç–æ–≤—ã –∫ –ø—Ä–æ—Ç–µ—Å—Ç–∞–º,2019-04-26T11:24:13Z,–ù–∞–≤–∞–ª—å–Ω—ã–π LIVE,357363,28838,189,4577
418,KJl30Z6pyZM,–î–µ–±–∞—Ç—ã: –ó–µ–ª–µ–Ω—Å–∫–∏–π –ø—Ä–æ—Ç–∏–≤ –ü–æ—Ä–æ—à–µ–Ω–∫–æ. –ù–∞ —Ä—É—Å—Å–∫–æ–º —è–∑—ã–∫–µ,2019-04-19T17:41:38Z,–ù–∞–≤–∞–ª—å–Ω—ã–π LIVE,857347,29763,897,7664
419,-PJEXQ4rNcM,–ß–µ–π ¬´–ú–∏—Ä–∞—Ç–æ—Ä–≥¬ª? –ò–º–ø–æ—Ä—Ç–æ–∑–∞–º–µ—â–µ–Ω–∏–µ –∏ —Ä–æ—Å—Ç —Ü–µ–Ω,2019-04-18T14:21:09Z,–ù–∞–≤–∞–ª—å–Ω—ã–π LIVE,170972,8355,233,959
420,rdUGPF3q98s,"–ù–∞–≤–∞–ª—å–Ω—ã–π –æ –í–æ–ª–æ—á–∫–æ–≤–æ–π –∏ ¬´–ø–µ–Ω—Å–∏–æ–Ω–µ—Ä–∞—Ö, –∫–æ—Ç–æ—Ä—ã–µ —Å–∞–º–∏ –≤–∏–Ω–æ–≤–∞—Ç—ã¬ª",2019-04-14T10:00:58Z,–ù–∞–≤–∞–ª—å–Ω—ã–π LIVE,154427,11451,85,1200
421,jmu2zb_cocE,"–†–æ—Å–≥–≤–∞—Ä–¥–µ–π—Ü–µ–≤ –≤—ã–∫–∏–Ω—É–ª–∏ –Ω–∞ —É–ª–∏—Ü—É, –ü—É—Ç–∏–Ω –∏ –∏–º–ø–æ—Ä—Ç–æ–∑–∞–º–µ—â–µ–Ω–∏–µ, –í–æ–ª–æ—á–∫–æ–≤–∞ –ø—Ä–æ—Ç–∏–≤ –ø–µ–Ω—Å–∏–æ–Ω–µ—Ä–æ–≤",2019-04-11T18:26:23Z,–ù–∞–≤–∞–ª—å–Ω—ã–π LIVE,834899,51865,687,6372
422,ebcuEFr4rTc,–ù–∞–≤–∞–ª—å–Ω—ã–π –æ–± —É–∫—Ä–∞–∏–Ω—Å–∫–∏—Ö –≤—ã–±–æ—Ä–∞—Ö,2019-04-06T09:58:54Z,–ù–∞–≤–∞–ª—å–Ω—ã–π LIVE,299672,10240,642,1274
423,lzXaG7P77QM,"–ó–µ–ª–µ–Ω—Å–∫–∏–π VS –ü–æ—Ä–æ—à–µ–Ω–∫–æ, –ù–∞–≤–∞–ª—å–Ω—ã–π –±–æ–∏—Ç—Å—è –º–∞–≥–∞, –ò–Ω–≥—É—à–µ—Ç–∏—è: ¬´–ù–µ —Ö–æ—Ç–∏–º —Å–æ–±–∞–∫¬ª",2019-04-04T18:30:54Z,–ù–∞–≤–∞–ª—å–Ω—ã–π LIVE,1135614,51233,1697,6289
424,QrjCC__HDXo,–ß–∞—Å—Ç–Ω—ã–π —Å—Ç–∞–±—Ñ–æ–Ω–¥ –ü—É—Ç–∏–Ω–∞,2019-04-04T14:20:09Z,–ù–∞–≤–∞–ª—å–Ω—ã–π LIVE,183691,10687,131,790
425,vDua-t5nL1s,"¬´–†–æ–¥–∏–Ω–∞ —Ä–µ—à–∏–ª–∞¬ª: –º–µ–¥–∏—Ü–∏–Ω–∞ –Ω–∞ –¥–Ω–µ, –∞ –Ω–∞—Ä–æ–¥ –≥–æ—Ç–æ–≤ –≤–∑—è—Ç—å—Å—è –∑–∞ –≤–∏–ª—ã",2019-04-04T10:00:44Z,–ù–∞–≤–∞–ª—å–Ω—ã–π LIVE,520355,27196,279,4010
426,Lz9S2Gt-m7g,‚ö°Ô∏è–ï–µ –∑–∞–ø—É–≥–∞–ª–∏? –ï–µ –ø–æ–¥–∫—É–ø–∏–ª–∏? –ú—ã –∑–Ω–∞–µ–º –æ–¥–Ω–æ: –æ–Ω–∞ –≤—Ä–µ—Ç,2019-04-02T18:12:49Z,–ù–∞–≤–∞–ª—å–Ω—ã–π LIVE,346519,22302,330,3460
427,BQE-Pz_RJAw,–®—É—Ç–∫–∏ –ø—Ä–æ –ü—É—Ç–∏–Ω–∞. –ö–∞–∫ –¥–µ–≥—Ä–∞–¥–∏—Ä–æ–≤–∞–ª —é–º–æ—Ä –Ω–∞ –¢–í,2019-04-02T11:49:57Z,–ù–∞–≤–∞–ª—å–Ω—ã–π LIVE,730681,38086,869,2100
428,vOtBfZKCiFI,–ù–∞–≤–∞–ª—å–Ω—ã–π –æ –ì–∞–ª–∫–∏–Ω–µ –∏ ¬´–¥—É–¥–∫–µ –ø—Ä–æ–ª–µ—Ç–∞—Ä—Å–∫–æ–π –Ω–µ–Ω–∞–≤–∏—Å—Ç–∏¬ª,2019-03-31T10:02:18Z,–ù–∞–≤–∞–ª—å–Ω—ã–π LIVE,1865628,63732,2071,7928
429,fsrF629rLH0,"–ó–∞ —á—Ç–æ –ø–æ—Å–∞–¥–∏–ª–∏ –ê–±—ã–∑–æ–≤–∞, —á—Ç–æ –ø—Ä–æ–∏—Å—Ö–æ–¥–∏—Ç –≤ –ò–Ω–≥—É—à–µ—Ç–∏–∏, –ö–æ–∫–æ—Ä–∏–Ω –∏ –ú–∞–º–∞–µ–≤",2019-03-28T18:27:06Z,–ù–∞–≤–∞–ª—å–Ω—ã–π LIVE,914369,48304,887,5535
430,tcT8RB-OANQ,–ù–∞–π–¥—É—Ç –ª–∏ –°–®–ê –±–æ–≥–∞—Ç—Å—Ç–≤–∞ –ü—É—Ç–∏–Ω–∞?,2019-03-28T14:22:56Z,–ù–∞–≤–∞–ª—å–Ω—ã–π LIVE,210756,9948,173,615
431,6leV6kbpNmc,–ù–∞–≤–∞–ª—å–Ω—ã–π –æ –±–µ—Å–ø–æ—Ä—è–¥–∫–∞—Ö –≤ –Ø–∫—É—Ç–∏–∏,2019-03-25T09:50:31Z,–ù–∞–≤–∞–ª—å–Ω—ã–π LIVE,700677,22868,1630,5161
432,zZAQHvVbw4I,–ù–∞–≤–∞–ª—å–Ω—ã–π –æ –ª—É–ø–µ –ë–∞—Å—Ç—Ä—ã–∫–∏–Ω–∞,2019-03-24T09:52:05Z,–ù–∞–≤–∞–ª—å–Ω—ã–π LIVE,164439,10293,161,1098
433,P1YjRxQO-vw,–°—Ç–∏—Ö–∏ –ù–∞—Ç–∞–ª—å–∏ –ü–æ–∫–ª–æ–Ω—Å–∫–æ–π –æ –ù–∞–≤–∞–ª—å–Ω–æ–º,2019-03-17T10:12:27Z,–ù–∞–≤–∞–ª—å–Ω—ã–π LIVE,369545,21484,344,3746
434,JjEKz_WcTdQ,–ù–∞–≤–∞–ª—å–Ω—ã–π –æ –∑–∞–±–∞—Å—Ç–æ–≤–∫–µ –≤—Ä–∞—á–µ–π –≤ –ù–æ–≤–≥–æ—Ä–æ–¥—Å–∫–æ–π –æ–±–ª–∞—Å—Ç–∏,2019-03-16T09:02:20Z,–ù–∞–≤–∞–ª—å–Ω—ã–π LIVE,370780,23531,152,2815
435,37JePtXN1b8,"–ö—Ä—É—Ç–∏—Ö–∏–Ω –∏ –ú–∏–ª–æ–≤ –æ —Ç–æ–º, –∫–∞–∫ –º—ã –ø–æ–¥–∞—Ä–∏–ª–∏ –≥–∞–∑ –ö–∏—Ç–∞—é",2019-03-15T12:30:00Z,–ù–∞–≤–∞–ª—å–Ω—ã–π LIVE,59757,3166,30,306
436,UT5sUi6Ot9Y,"–ß–µ—á–µ–Ω—Å–∫–∞—è –∫—Ä–æ–≤–Ω–∞—è –º–µ—Å—Ç—å, –ø–ª–æ—Ö–∏—Ö –¥–µ—Ç–µ–π ‚Äî –≤ –ª–∞–≥–µ—Ä—è, —Å—Ç–∏—Ö–∏ –ù–∞—Ç–∞–ª—å–∏ –ü–æ–∫–ª–æ–Ω—Å–∫–æ–π",2019-03-14T18:19:54Z,–ù–∞–≤–∞–ª—å–Ω—ã–π LIVE,967770,45819,759,5797
437,MYkcen7Lxrs,–ó–∞—á–µ–º –†–æ—Å—Å–∏–∏ ¬´–°–µ–≤–µ—Ä–Ω—ã–π –ø–æ—Ç–æ–∫-2¬ª?,2019-03-14T14:17:02Z,–ù–∞–≤–∞–ª—å–Ω—ã–π LIVE,183267,8530,214,665
438,pnxvEFk6LN8,–ü—Ä–æ –ø–µ–Ω—Å–∏–∏ –≤ 8 —Ç—ã—Å—è—á —É ¬´—Ç—É–Ω–µ—è–¥—Ü–µ–≤ –∏ –∞–ª–∫–∞—à–µ–π¬ª,2019-03-09T10:01:43Z,–ù–∞–≤–∞–ª—å–Ω—ã–π LIVE,506321,26628,457,3070
439,Dqz6wWAOBj0,–ù–∞–≤–∞–ª—å–Ω—ã–π –ø—Ä–æ –∑–∞–∫–æ–Ω –æ —Ñ–µ–π–∫–æ–≤—ã—Ö –Ω–æ–≤–æ—Å—Ç—è—Ö,2019-03-08T09:53:07Z,–ù–∞–≤–∞–ª—å–Ω—ã–π LIVE,70843,5237,463,451
440,O_-5LoYYFiE,"–†—É–≥–∞–µ–º –≤–ª–∞—Å—Ç—å –≤ –ø–æ—Å–ª–µ–¥–Ω–∏–π —Ä–∞–∑. –¢—É–Ω–µ—è–¥—Ü—ã –∏ –∞–ª–∫–∞—à–∏. –ù–∞—Ç–∞—à–∞, –æ–≥–ª–∞—Å–∏—Ç–µ –≤–µ—Å—å —Å–ø–∏—Å–æ–∫",2019-03-07T18:21:42Z,–ù–∞–≤–∞–ª—å–Ω—ã–π LIVE,982478,50514,1846,7211
441,fAeuUddKhEU,–°–∫—Ä—ã—Ç–∞—è –ø—Ä–æ–ø–∞–≥–∞–Ω–¥–∞ –≤ —Ä–æ—Å—Å–∏–π—Å–∫–æ–º –∫–∏–Ω–æ,2019-03-06T10:27:23Z,–ù–∞–≤–∞–ª—å–Ω—ã–π LIVE,264901,15398,2091,1773
442,RXu14Tdnlco,–ù–∞–≤–∞–ª—å–Ω—ã–π –æ –ª—é–±–∏–º–æ–º –∑–∞–≤–æ–¥–µ –ü—É—Ç–∏–Ω–∞,2019-03-04T10:03:46Z,–ù–∞–≤–∞–ª—å–Ω—ã–π LIVE,1342562,49275,1651,5455
443,srZy_WmJL8s,"–ù–∞–≤–∞–ª—å–Ω—ã–π –ø—Ä–æ Bad–°omedian, —Ä—ç–ø–µ—Ä–∞ –ë–∞—Å—Ç—É –∏ —Ä–∞–∑–≥—Ä–æ–º –ø–µ–Ω—Å–∏–æ–Ω–Ω–æ–π —Ä–µ—Ñ–æ—Ä–º—ã",2019-03-03T09:58:24Z,–ù–∞–≤–∞–ª—å–Ω—ã–π LIVE,1714920,67917,3565,4501
444,fjq63T4z57g,"BadComedian VS –ë–∞—Å—Ç–∞, –•–∞–±–∏–± –∏ –≥–æ–ª—ã–µ –ª—é–¥–∏, —Ä–æ–≥–æ–∑–∏–Ω—Å–∫–∞—è —Ä–∞–∫–µ—Ç–∞",2019-02-28T18:21:53Z,–ù–∞–≤–∞–ª—å–Ω—ã–π LIVE,961853,48294,1126,6019
445,OG0kkscsHNE,–ß—å–∏ –Ω–∞–ª–æ–≥–∏ –±–æ–ª—å—à–µ ‚Äî –≥—Ä–∞–∂–¥–∞–Ω –∏–ª–∏ –Ω–µ—Ñ—Ç—è–Ω–∏–∫–æ–≤?,2019-02-28T14:16:25Z,–ù–∞–≤–∞–ª—å–Ω—ã–π LIVE,125386,7925,90,542
446,uE7NHuj6Pwo,"–ü—É—Ç–∏–Ω—Å–∫–∞—è —Ä–∞—Å–∫–∞—á–∫–∞, –∫–∞–≤–∫–∞–∑—Å–∫–∏–µ —É–±–∏–π—Å—Ç–≤–∞, –ø–æ–±–µ–¥–∞ –ø—Ä–æ—Ñ—Å–æ—é–∑–æ–≤",2019-02-21T18:23:02Z,–ù–∞–≤–∞–ª—å–Ω—ã–π LIVE,784951,46774,636,4349
447,v2FAdUt91KY,–ò–Ω–≤–µ—Å—Ç–æ—Ä? –í —Ç—é—Ä—å–º—É!,2019-02-21T14:15:37Z,–ù–∞–≤–∞–ª—å–Ω—ã–π LIVE,120442,7699,111,535
448,2zfZWpw6bQo,‚ö°Ô∏è –ß–µ–º –∫–æ—Ä–º—è—Ç –¥–µ—Ç–µ–π –≤ –¥–µ—Ç—Å–∫–∏—Ö —Å–∞–¥–∞—Ö –∏ —à–∫–æ–ª–∞—Ö –ú–æ—Å–∫–≤—ã,2019-02-18T18:05:22Z,–ù–∞–≤–∞–ª—å–Ω—ã–π LIVE,191368,11739,276,2081
449,b89k_Bz37ok,"–î–ª–∏–Ω–Ω–∞—è –≤–æ–ª—è –ü—É—Ç–∏–Ω–∞, –ú–µ–¥–≤–µ–¥–µ–≤ —Ä–∞–∑–±—É—à–µ–≤–∞–ª—Å—è, –æ—Ö—Ä–∞–Ω–∞ –æ—Ç –≥–Ω–µ–≤–∞ –±–æ–∂—å–µ–≥–æ",2019-02-14T18:31:08Z,–ù–∞–≤–∞–ª—å–Ω—ã–π LIVE,959411,46770,1055,5385
450,PBP_J7WeITA,üî• –û—Ç–∫–ª—é—á–µ–Ω–∏–µ –æ—Ç –∏–Ω—Ç–µ—Ä–Ω–µ—Ç–∞. –ì—É–±–µ—Ä–Ω–∞—Ç–æ—Ä –∏ ¬´–≤–æ—Ä–æ–Ω—å–µ¬ª. –ü—Ä–æ–±–ª–µ–º—ã —Å–µ–Ω–∞—Ç–æ—Ä–∞ –≤ –°–ò–ó–û,2019-02-12T19:51:46Z,–ù–∞–≤–∞–ª—å–Ω—ã–π LIVE,257466,19191,417,2407
451,B4evxvwbwKo,–ì–ª–∞–≤–∞ –ø—Ä–æ—Ñ—Å–æ—é–∑–∞ –æ—Ç—á–∏—Ç—ã–≤–∞–µ—Ç –º–∏–Ω–∏—Å—Ç—Ä–∞,2019-02-11T10:26:20Z,–ù–∞–≤–∞–ª—å–Ω—ã–π LIVE,371670,22942,181,2512
452,qdHrQZ8m6nc,–°–≤–∏–¥–µ—Ç–µ–ª–∏ –ò–µ–≥–æ–≤—ã –ø—Ä–æ—Ç–∏–≤ –ø—É—Ç–∏–Ω—Å–∫–∏—Ö –≤–µ–¥—å–º,2019-02-09T14:32:08Z,–ù–∞–≤–∞–ª—å–Ω—ã–π LIVE,335444,12531,946,5209
453,zUSDe18nBrg,‚ö°Ô∏è–û—Ç–≤–µ—Ç –°–æ–±–æ–ª—å –Ω–∞ –ø—Ä–∏–≥–ª–∞—à–µ–Ω–∏–µ ¬´–ø–æ–≤–∞—Ä–∞ –ü—É—Ç–∏–Ω–∞¬ª –ü—Ä–∏–≥–æ–∂–∏–Ω–∞,2019-02-08T12:52:37Z,–ù–∞–≤–∞–ª—å–Ω—ã–π LIVE,149534,12151,442,1478
454,8gk5AMUGDV4,"–ß–µ–º–µ–∑–æ–≤ –ø—Ä–æ—Ç–∏–≤ –ü–µ—Ç—Ä–æ–≤–∏—á–∞, –ø—É—Ç–∏–Ω—Å–∫–∏–µ –≤–µ–¥—å–º—ã, —Å–µ–º—å—è –ü–µ—Å–∫–æ–≤–∞ –≤ –ù–ê–¢–û",2019-02-07T18:31:06Z,–ù–∞–≤–∞–ª—å–Ω—ã–π LIVE,834910,47036,1127,6198
455,mjuNQZYqNjY,–ì–¥–µ –∂–∏–≤—É—Ç –¥–µ—Ç–∏ —á–∏–Ω–æ–≤–Ω–∏–∫–æ–≤,2019-02-06T13:38:05Z,–ù–∞–≤–∞–ª—å–Ω—ã–π LIVE,218757,16118,78,1393
456,Lk_t3JFsAo4,¬´–ê–ª—å—è–Ω—Å –≤—Ä–∞—á–µ–π¬ª: –±–∏—Ç–≤–∞ –∑–∞ —Ä–æ–¥–¥–æ–º –≤ –ó—é–∑–∏–Ω–æ,2019-02-05T12:59:55Z,–ù–∞–≤–∞–ª—å–Ω—ã–π LIVE,129198,8006,39,975
457,IGMvLLyFW6U,–†–∞—É—Ñ –ê—Ä–∞—à—É–∫–æ–≤ ‚Äî –ë–∏–æ–≥—Ä–∞—Ñ–∏—è (–ö—Ä–æ–≤–æ—Å—Ç–æ–∫ cover),2019-02-04T16:47:02Z,–ù–∞–≤–∞–ª—å–Ω—ã–π LIVE,341382,21200,248,1370
458,uq7ONyiutPY,‚ö°Ô∏è –†–µ–∞–∫—Ü–∏—è –≤–ª–∞—Å—Ç–µ–π –Ω–∞ –º–∞—Å—Å–æ–≤–æ–µ –æ—Ç—Ä–∞–≤–ª–µ–Ω–∏–µ –¥–µ—Ç–µ–π –≤ –ú–æ—Å–∫–≤–µ,2019-02-04T15:51:01Z,–ù–∞–≤–∞–ª—å–Ω—ã–π LIVE,251103,11508,413,1304
459,pGa155kGGiU,–ü—Ä–æ—Ñ—Å–æ—é–∑ –±—é–¥–∂–µ—Ç–Ω–∏–∫–æ–≤ —É–∂–µ –ø–æ–±–µ–¥–∏–ª,2019-02-03T10:54:44Z,–ù–∞–≤–∞–ª—å–Ω—ã–π LIVE,259936,18076,178,2132
460,mKg7yz_DZXs,"–ù–∞–∑–≤–∞–Ω–Ω—ã–π –±—Ä–∞—Ç –ê—Ä–∞—à—É–∫–æ–≤, –æ—Ç—Ä–∞–≤–ª–µ–Ω–∏–µ –¥–µ—Ç–µ–π –≤ –ú–æ—Å–∫–≤–µ –∏ —Ä—É–±—Ä–∏–∫–∞: ¬´–û–Ω–∏ –æ—Ö—Ä–µ–Ω–µ–ª–∏¬ª",2019-01-31T18:20:54Z,–ù–∞–≤–∞–ª—å–Ω—ã–π LIVE,810228,47516,839,6161
461,LZ51Lc2yEcM,–ö–∞–∫ –ø—ã—Ç–∞—é—Ç—Å—è –≤–µ—Ä–±–æ–≤–∞—Ç—å —Å–æ—Ç—Ä—É–¥–Ω–∏–∫–æ–≤ –§–ë–ö,2019-01-28T08:28:02Z,–ù–∞–≤–∞–ª—å–Ω—ã–π LIVE,675932,58513,1392,6929
462,XXectxE2ZbQ,¬´–ê–ª—å—è–Ω—Å –í—Ä–∞—á–µ–π¬ª: –∫–∞–∫ –¥–æ–±–∏—Ç—å—Å—è –±–µ—Å–ø–ª–∞—Ç–Ω—ã—Ö –ª–µ–∫–∞—Ä—Å—Ç–≤,2019-01-24T11:02:21Z,–ù–∞–≤–∞–ª—å–Ω—ã–π LIVE,52090,5989,62,595
463,d1M52rtPnvQ,–ü–µ—Ä–≤—ã–π —á–µ—Å—Ç–Ω—ã–π —Ä—ç–ø –î–º–∏—Ç—Ä–∏—è –ö–∏—Å–µ–ª–µ–≤–∞ | RYTP MV,2019-01-23T15:59:29Z,–ù–∞–≤–∞–ª—å–Ω—ã–π LIVE,250014,11205,474,715
464,3XO14cOAtIs,–ù–∞–≤–∞–ª—å–Ω—ã–π –æ –º–∏–ª–ª–∏–∞—Ä–¥–µ—Ä–∫–µ –¢–∞—Ç—å—è–Ω–µ –ì–æ–ª–∏–∫–æ–≤–æ–π –∏ –±–µ–¥–Ω—ã—Ö —Ä–æ—Å—Å–∏—è–Ω–∞—Ö,2019-01-19T12:29:18Z,–ù–∞–≤–∞–ª—å–Ω—ã–π LIVE,2362247,55080,1709,4361
465,AQHHv7Vjcs4,–ù–∞–≤–∞–ª—å–Ω—ã–π –æ –ø—Ä–∏–∑—ã–≤–∞—Ö –∏ –±–æ–≥–∞—Ç—Å—Ç–≤–µ –¢–∞—Ç—å—è–Ω—ã –ù–∞–≤–∫–∏,2019-01-18T10:43:11Z,–ù–∞–≤–∞–ª—å–Ω—ã–π LIVE,2255514,63484,2601,5793
466,LanAWbhquOw,–£–≤–æ–ª–µ–Ω–Ω—ã–π –±–æ–µ—Ü –†–æ—Å–≥–≤–∞—Ä–¥–∏–∏ –æ–±—Ä–∞—â–∞–µ—Ç—Å—è –∫ –ó–æ–ª–æ—Ç–æ–≤—É,2019-01-17T18:50:31Z,–ù–∞–≤–∞–ª—å–Ω—ã–π LIVE,1644211,83040,3049,7990
467,qr4olGuOEzI,–ú–∞–≥–Ω–∏—Ç–æ–≥–æ—Ä—Å–∫: —Ç–µ—Ä–∞–∫—Ç? –ö–≤–∞—Ä—Ç–∏—Ä–∞ –ù–∞–≤–∫–∏ –≤ –ù—å—é-–ô–æ—Ä–∫–µ. –ü—Ä–∞–ø–æ—Ä—â–∏–∫ –†–æ—Å–≥–≤–∞—Ä–¥–∏–∏ –æ–±—Ä–∞—â–∞–µ—Ç—Å—è –∫ –ó–æ–ª–æ—Ç–æ–≤—É,2019-01-17T18:15:32Z,–ù–∞–≤–∞–ª—å–Ω—ã–π LIVE,1040342,56850,4715,7710
468,I_mBnl4LlDk,–ü–æ—á–µ–º—É –≤ –†–æ—Å—Å–∏–∏ –¥–æ—Ä–æ–≥–æ–µ –∂–∏–ª—å–µ?,2019-01-17T14:13:38Z,–ù–∞–≤–∞–ª—å–Ω—ã–π LIVE,129542,7987,1086,851
469,_vynTOOZtgY,‚ö°Ô∏è–û–ø–∞—Å–Ω—ã–µ —É—Å–ª–æ–≤–∏—è —Ç—Ä—É–¥–∞ –∏ –±–∞—Ä–¥–∞–∫ –≤ –º–æ—Å–∫–æ–≤—Å–∫–æ–π –ø–æ–ª–∏–∫–ª–∏–Ω–∏–∫–µ,2019-01-17T11:20:58Z,–ù–∞–≤–∞–ª—å–Ω—ã–π LIVE,403466,17593,1224,2268
470,25UHbG_mnYQ,–†–µ–∞–∫—Ü–∏—è —Ä–æ—Å—Å–∏—è–Ω –Ω–∞ –ø—Ä–∞–≤–∏—Ç–µ–ª—å—Å—Ç–≤–æ –ú–µ–¥–≤–µ–¥–µ–≤–∞,2019-01-16T14:52:16Z,–ù–∞–≤–∞–ª—å–Ω—ã–π LIVE,141877,8013,374,839
471,YTY38bxFp_I,üî•  –ö–∞–∫ —Ä–æ—Å—Å–∏—è–Ω–µ –º–∏–Ω–∏—Å—Ç—Ä–∞ —É–¥–∏–≤–∏–ª–∏. –†–µ–≥—É–ª—è—Ç–æ—Ä–Ω–∞—è –≥–∏–ª—å–æ—Ç–∏–Ω–∞. –ö—Ä–æ–≤–∞—Ç–∏ –∏–∑ –¥–æ—Å–æ–∫,2019-01-15T18:47:23Z,–ù–∞–≤–∞–ª—å–Ω—ã–π LIVE,184019,14732,722,1587
472,Fo0xY5DvNvQ,üî• –ü–æ–≤—ã—à–µ–Ω–∏–µ –∑–∞—Ä–ø–ª–∞—Ç –ø—Ä–æ–∫—É—Ä–æ—Ä–∞–º. –ò–ø–æ—Ç–µ–∫–∞. –ì—É–±–µ—Ä–Ω–∞—Ç–æ—Ä—Å–∫–∏–µ –∑–∞—è–≤–ª–µ–Ω–∏—è,2019-01-11T19:35:46Z,–ù–∞–≤–∞–ª—å–Ω—ã–π LIVE,268407,20069,789,2466
